epoch,optimizer_steps_this_epoch,optimizer_steps_total,train_loss,classification_loss,train_cls_loss_last_segment,halt_loss,MSE_loss,SAM_loss,GAN_loss,train_accuracy,learning_rate,gradient_norm,GPU_memory_MB,epoch_time,val_loss,val_cls_loss,val_mse_loss,val_sam_loss,val_gan_loss,balanced_accuracy,precision_macro,recall_macro,f1_macro,precision_weighted,recall_weighted,f1_weighted,per_class_precision,per_class_recall,per_class_f1,per_class_support,per_class_accuracy,gradient_health,is_valid_epoch,parameter_norm,update_norm,validated_weights,val_accuracy,generalization_gap_loss_raw,generalization_gap_loss,generalization_gap_loss_is_comparable,generalization_gap_accuracy,generalization_gap_accuracy_is_comparable,sanity_warnings,validation_issues,class_collapse_warnings,single_class_streak,patient_outlier_warnings
1,8,8,1.451158419633523,1.451158419633523,1.4588308904924963,0.0,0.0,0.0,0.0,0.1581196581196581,4.4999999999999996e-05,309.13245010375977,1429.8125,16.146926403045654,1.3429813443160639,1.3429813443160639,0.0,0.0,0.0,0.17839584211265627,0.13616892520547005,0.17839584211265627,0.1480504900499631,0.2517646946684302,0.2896341463414634,0.26433181364919967,"[0.3673469387755102, 0.35664335664335667, 0.0, 0.0, 0.09302325581395349, 0.0]","[0.3333333333333333, 0.45132743362831856, 0.0, 0.0, 0.2857142857142857, 0.0]","[0.34951456310679613, 0.3984375, 0.0, 0.0, 0.14035087719298245, 0.0]","[108, 113, 6, 36, 28, 37]","{0: 0.5914634146341463, 1: 0.5304878048780488, 2: 0.9817073170731707, 3: 0.8871951219512195, 4: 0.7012195121951219, 5: 0.8871951219512195}","{'total_batches': 8, 'valid_updates': 8, 'skipped_updates': 0, 'nonfinite_loss': 0, 'nonfinite_gradients': 0, 'skip_ratio': 0.0, 'is_valid_epoch': True, 'first_bad_parameter': None, 'max_gradient_norm': 379.4854431152344, 'min_gradient_norm': 194.36788940429688, 'gradient_nan_elements': 0, 'gradient_inf_elements': 0, 'stability_status': 'healthy', 'stability_skip_ratio': 0.0}",True,44.46808624267578,0.036024559289216995,live,0.2896341463414634,-0.10817707531745913,-0.1158495461764324,True,-0.13151448822180528,True,[],['class_never_predicted'],[],0,[]
2,8,16,1.4449785244770539,1.4449785244770539,1.4312514229717417,0.0,0.0,0.0,0.0,0.20085470085470086,8.5e-05,206.05169296264648,1432.203125,10.240047216415405,1.3447368959101236,1.3447368959101236,0.0,0.0,0.0,0.17938292274575462,0.07665260196905767,0.17938292274575462,0.08575743410880587,0.12911649686117113,0.18292682926829268,0.12652806268093605,"[0.0, 0.3333333333333333, 0.0, 0.0, 0.0, 0.12658227848101267]","[0.0, 0.26548672566371684, 0.0, 0.0, 0.0, 0.8108108108108109]","[0.0, 0.2955665024630542, 0.0, 0.0, 0.0, 0.21897810218978103]","[108, 113, 6, 36, 28, 37]","{0: 0.6707317073170732, 1: 0.5640243902439024, 2: 0.9817073170731707, 3: 0.8902439024390244, 4: 0.9115853658536586, 5: 0.3475609756097561}","{'total_batches': 8, 'valid_updates': 8, 'skipped_updates': 0, 'nonfinite_loss': 0, 'nonfinite_gradients': 0, 'skip_ratio': 0.0, 'is_valid_epoch': True, 'first_bad_parameter': None, 'max_gradient_norm': 324.4382629394531, 'min_gradient_norm': 132.01412963867188, 'gradient_nan_elements': 0, 'gradient_inf_elements': 0, 'stability_status': 'healthy', 'stability_skip_ratio': 0.0}",True,44.46727752685547,0.08126050978899002,live,0.18292682926829268,-0.10024162856693031,-0.08651452706161811,True,0.017927871586408184,True,[],['class_never_predicted'],[],0,[]
3,8,24,1.44332769080105,1.44332769080105,1.4416814135690021,0.0,0.0,0.0,0.0,0.1623931623931624,0.000125,122.55559158325195,1432.03271484375,9.698842763900757,1.5292454289226998,1.5292454289226998,0.0,0.0,0.0,0.16666666666666666,0.0030581039755351682,0.16666666666666666,0.006006006006006006,0.0003356455582904453,0.018292682926829267,0.0006591957811470007,"[0.0, 0.0, 0.01834862385321101, 0.0, 0.0, 0.0]","[0.0, 0.0, 1.0, 0.0, 0.0, 0.0]","[0.0, 0.0, 0.036036036036036036, 0.0, 0.0, 0.0]","[108, 113, 6, 36, 28, 37]","{0: 0.6707317073170732, 1: 0.6554878048780488, 2: 0.021341463414634148, 3: 0.8902439024390244, 4: 0.9115853658536586, 5: 0.8871951219512195}","{'total_batches': 8, 'valid_updates': 8, 'skipped_updates': 0, 'nonfinite_loss': 0, 'nonfinite_gradients': 0, 'skip_ratio': 0.0, 'is_valid_epoch': True, 'first_bad_parameter': None, 'max_gradient_norm': 170.93128967285156, 'min_gradient_norm': 74.91692352294922, 'gradient_nan_elements': 0, 'gradient_inf_elements': 0, 'stability_status': 'healthy', 'stability_skip_ratio': 0.0}",True,44.46598434448242,0.1323595941066742,live,0.018292682926829267,0.08591773812164982,0.08756401535369762,True,0.14410047946633314,True,[],['class_never_predicted'],[],0,[]
4,8,32,1.4205440333765795,1.4205440333765795,1.4278226408184085,0.0,0.0,0.0,0.0,0.14102564102564102,0.000165,53.50552439689636,1432.328125,10.157653331756592,1.464068072598155,1.464068072598155,0.0,0.0,0.0,0.16666666666666666,0.01903292181069959,0.16666666666666666,0.034164358264081256,0.012882038542607648,0.11280487804878049,0.023123437605567194,"[0.0, 0.0, 0.0, 0.0, 0.0, 0.11419753086419752]","[0.0, 0.0, 0.0, 0.0, 0.0, 1.0]","[0.0, 0.0, 0.0, 0.0, 0.0, 0.20498614958448755]","[108, 113, 6, 36, 28, 37]","{0: 0.6707317073170732, 1: 0.6554878048780488, 2: 0.9695121951219512, 3: 0.8902439024390244, 4: 0.9146341463414634, 5: 0.125}","{'total_batches': 8, 'valid_updates': 8, 'skipped_updates': 0, 'nonfinite_loss': 0, 'nonfinite_gradients': 0, 'skip_ratio': 0.0, 'is_valid_epoch': True, 'first_bad_parameter': None, 'max_gradient_norm': 112.16519927978516, 'min_gradient_norm': 25.50924301147461, 'gradient_nan_elements': 0, 'gradient_inf_elements': 0, 'stability_status': 'healthy', 'stability_skip_ratio': 0.0}",True,44.46400451660156,0.16811226308345795,live,0.11280487804878049,0.04352403922157544,0.036245431779746484,True,0.028220762976860533,True,[],['class_never_predicted'],[],0,[]
5,8,40,1.4379907500030649,1.4379907500030649,1.4368778477367172,0.0,0.0,0.0,0.0,0.1452991452991453,0.000205,45.34942603111267,1432.50146484375,10.020083904266357,1.2938721238113031,1.2938721238113031,0.0,0.0,0.0,0.18584656084656084,0.07509223703034411,0.18584656084656084,0.10605663241383147,0.12011162103940895,0.27134146341463417,0.1659016912034509,"[0.33476394849785407, 0.0, 0.0, 0.0, 0.11578947368421053, 0.0]","[0.7222222222222222, 0.0, 0.0, 0.0, 0.39285714285714285, 0.0]","[0.4574780058651026, 0.0, 0.0, 0.0, 0.17886178861788618, 0.0]","[108, 113, 6, 36, 28, 37]","{0: 0.43597560975609756, 1: 0.6554878048780488, 2: 0.9817073170731707, 3: 0.8902439024390244, 4: 0.6920731707317073, 5: 0.8871951219512195}","{'total_batches': 8, 'valid_updates': 8, 'skipped_updates': 0, 'nonfinite_loss': 0, 'nonfinite_gradients': 0, 'skip_ratio': 0.0, 'is_valid_epoch': True, 'first_bad_parameter': None, 'max_gradient_norm': 67.07439422607422, 'min_gradient_norm': 24.33439064025879, 'gradient_nan_elements': 0, 'gradient_inf_elements': 0, 'stability_status': 'healthy', 'stability_skip_ratio': 0.0}",True,44.462154388427734,0.21264219284057617,live,0.27134146341463417,-0.14411862619176175,-0.1430057239254141,True,-0.12604231811548886,True,[],['class_never_predicted'],[],0,[]
6,8,48,1.4806885291368534,1.4806885291368534,1.470142970737229,0.0,0.0,0.0,0.0,0.15384615384615385,0.000245,32.94411897659302,1432.453125,11.226486921310425,1.5023550812791033,1.5023550812791033,0.0,0.0,0.0,0.16666666666666666,0.0030487804878048777,0.16666666666666666,0.005988023952095808,0.00033462224866151095,0.018292682926829267,0.0006572221410836862,"[0.0, 0.0, 0.018292682926829267, 0.0, 0.0, 0.0]","[0.0, 0.0, 1.0, 0.0, 0.0, 0.0]","[0.0, 0.0, 0.03592814371257485, 0.0, 0.0, 0.0]","[108, 113, 6, 36, 28, 37]","{0: 0.6707317073170732, 1: 0.6554878048780488, 2: 0.018292682926829267, 3: 0.8902439024390244, 4: 0.9146341463414634, 5: 0.8871951219512195}","{'total_batches': 8, 'valid_updates': 8, 'skipped_updates': 0, 'nonfinite_loss': 0, 'nonfinite_gradients': 0, 'skip_ratio': 0.0, 'is_valid_epoch': True, 'first_bad_parameter': None, 'max_gradient_norm': 48.82766342163086, 'min_gradient_norm': 22.368989944458008, 'gradient_nan_elements': 0, 'gradient_inf_elements': 0, 'stability_status': 'healthy', 'stability_skip_ratio': 0.0}",True,44.45845031738281,0.27179476618766785,live,0.018292682926829267,0.021666552142249884,0.03221211054187423,True,0.1355534709193246,True,[],['class_never_predicted'],['every one of the 328 validation samples was assigned the same class (streak: 1/10) - the model is a constant function of its input (REPRESENTATION_COLLAPSE)'],1,[]
7,8,56,1.4194214364402316,1.4194214364402316,1.4292801751030817,0.0,0.0,0.0,0.0,0.1752136752136752,0.000285,18.730550527572632,1431.984375,11.15644121170044,1.3727799915685885,1.3727799915685885,0.0,0.0,0.0,0.16371681415929204,0.05674846625766871,0.16371681415929204,0.08428246013667427,0.11730323208140055,0.3384146341463415,0.174218012111784,"[0.0, 0.34049079754601225, 0.0, 0.0, 0.0, 0.0]","[0.0, 0.9823008849557522, 0.0, 0.0, 0.0, 0.0]","[0.0, 0.5056947608200456, 0.0, 0.0, 0.0, 0.0]","[108, 113, 6, 36, 28, 37]","{0: 0.6707317073170732, 1: 0.3384146341463415, 2: 0.975609756097561, 3: 0.8902439024390244, 4: 0.9146341463414634, 5: 0.8871951219512195}","{'total_batches': 8, 'valid_updates': 8, 'skipped_updates': 0, 'nonfinite_loss': 0, 'nonfinite_gradients': 0, 'skip_ratio': 0.0, 'is_valid_epoch': True, 'first_bad_parameter': None, 'max_gradient_norm': 28.678627014160156, 'min_gradient_norm': 11.334502220153809, 'gradient_nan_elements': 0, 'gradient_inf_elements': 0, 'stability_status': 'healthy', 'stability_skip_ratio': 0.0}",True,44.45686340332031,0.4003067910671234,live,0.3384146341463415,-0.04664144487164301,-0.056500183534493154,True,-0.16320095893266628,True,[],['class_never_predicted'],[],0,[]
8,8,64,1.4379049508999555,1.4379049508999555,1.4410864889112294,0.0,0.0,0.0,0.0,0.13675213675213677,0.00032500000000000004,15.671736598014832,1432.03271484375,9.411443710327148,1.4358364954227354,1.4358364954227354,0.0,0.0,0.0,0.16570141570141572,0.03466800424535846,0.16570141570141572,0.05493037794828076,0.02128853827684262,0.09451219512195122,0.03330474289397625,"[0.0, 0.0, 0.0, 0.0, 0.07929515418502203, 0.12871287128712872]","[0.0, 0.0, 0.0, 0.0, 0.6428571428571429, 0.35135135135135137]","[0.0, 0.0, 0.0, 0.0, 0.1411764705882353, 0.18840579710144928]","[108, 113, 6, 36, 28, 37]","{0: 0.6707317073170732, 1: 0.6554878048780488, 2: 0.9817073170731707, 3: 0.8902439024390244, 4: 0.3323170731707317, 5: 0.6585365853658537}","{'total_batches': 8, 'valid_updates': 8, 'skipped_updates': 0, 'nonfinite_loss': 0, 'nonfinite_gradients': 0, 'skip_ratio': 0.0, 'is_valid_epoch': True, 'first_bad_parameter': None, 'max_gradient_norm': 21.59276580810547, 'min_gradient_norm': 10.511646270751953, 'gradient_nan_elements': 0, 'gradient_inf_elements': 0, 'stability_status': 'healthy', 'stability_skip_ratio': 0.0}",True,44.45496368408203,0.4164482653141022,live,0.09451219512195122,-0.0020684554772201214,-0.005249993488493976,True,0.042239941630185546,True,[],['class_never_predicted'],[],0,[]
9,8,72,1.466091235478719,1.466091235478719,1.4577617584130702,0.0,0.0,0.0,0.0,0.15384615384615385,0.000365,14.268099665641785,1432.328125,10.12429666519165,1.2757350002847068,1.2757350002847068,0.0,0.0,0.0,0.1696165191740413,0.12239422084623323,0.1696165191740413,0.08917639964869506,0.24790077776938757,0.3353658536585366,0.17669450761517722,"[0.33436532507739936, 0.4, 0.0, 0.0, 0.0, 0.0]","[1.0, 0.017699115044247787, 0.0, 0.0, 0.0, 0.0]","[0.5011600928074246, 0.03389830508474576, 0.0, 0.0, 0.0, 0.0]","[108, 113, 6, 36, 28, 37]","{0: 0.3445121951219512, 1: 0.6524390243902439, 2: 0.9817073170731707, 3: 0.8902439024390244, 4: 0.9146341463414634, 5: 0.8871951219512195}","{'total_batches': 8, 'valid_updates': 8, 'skipped_updates': 0, 'nonfinite_loss': 0, 'nonfinite_gradients': 0, 'skip_ratio': 0.0, 'is_valid_epoch': True, 'first_bad_parameter': None, 'max_gradient_norm': 21.42247772216797, 'min_gradient_norm': 8.283308029174805, 'gradient_nan_elements': 0, 'gradient_inf_elements': 0, 'stability_status': 'healthy', 'stability_skip_ratio': 0.0}",True,44.45243453979492,0.5058783888816833,live,0.3353658536585366,-0.19035623519401224,-0.18202675812836344,True,-0.18151969981238275,True,[],['class_never_predicted'],[],0,[]
10,8,80,1.411263598336114,1.411263598336114,1.421276324834579,0.0,0.0,0.0,0.0,0.1581196581196581,0.00040500000000000003,8.20413362979889,1432.50146484375,10.115609884262085,1.3978701277476986,1.3978701277476986,0.0,0.0,0.0,0.15674603174603174,0.029957307060755334,0.15674603174603174,0.049375745027918944,0.017685449957947855,0.08841463414634146,0.028925828501650343,"[0.0, 0.0, 0.0, 0.096, 0.08374384236453201, 0.0]","[0.0, 0.0, 0.0, 0.3333333333333333, 0.6071428571428571, 0.0]","[0.0, 0.0, 0.0, 0.14906832298136646, 0.1471861471861472, 0.0]","[108, 113, 6, 36, 28, 37]","{0: 0.6707317073170732, 1: 0.6554878048780488, 2: 0.9817073170731707, 3: 0.5823170731707317, 4: 0.39939024390243905, 5: 0.8871951219512195}","{'total_batches': 8, 'valid_updates': 8, 'skipped_updates': 0, 'nonfinite_loss': 0, 'nonfinite_gradients': 0, 'skip_ratio': 0.0, 'is_valid_epoch': True, 'first_bad_parameter': None, 'max_gradient_norm': 11.645825386047363, 'min_gradient_norm': 4.966172695159912, 'gradient_nan_elements': 0, 'gradient_inf_elements': 0, 'stability_status': 'healthy', 'stability_skip_ratio': 0.0}",True,44.450679779052734,0.5074622631072998,live,0.08841463414634146,-0.013393470588415335,-0.02340619708688041,True,0.06970502397331665,True,[],['class_never_predicted'],[],0,[]
11,8,88,1.4056198770164425,1.4056198770164425,1.4250912574621348,0.0,0.0,0.0,0.0,0.14102564102564102,0.00044500000000000003,7.237723410129547,1432.453125,10.173525094985962,1.317658790727941,1.317658790727941,0.0,0.0,0.0,0.1591710758377425,0.06699455995230642,0.1591710758377425,0.09427609427609428,0.11174363252686853,0.2621951219512195,0.15668883961566887,"[0.31746031746031744, 0.0, 0.0, 0.0, 0.08450704225352113, 0.0]","[0.7407407407407407, 0.0, 0.0, 0.0, 0.21428571428571427, 0.0]","[0.4444444444444444, 0.0, 0.0, 0.0, 0.12121212121212122, 0.0]","[108, 113, 6, 36, 28, 37]","{0: 0.3902439024390244, 1: 0.6554878048780488, 2: 0.9817073170731707, 3: 0.8902439024390244, 4: 0.7347560975609756, 5: 0.8719512195121951}","{'total_batches': 8, 'valid_updates': 8, 'skipped_updates': 0, 'nonfinite_loss': 0, 'nonfinite_gradients': 0, 'skip_ratio': 0.0, 'is_valid_epoch': True, 'first_bad_parameter': None, 'max_gradient_norm': 10.008454322814941, 'min_gradient_norm': 4.124631404876709, 'gradient_nan_elements': 0, 'gradient_inf_elements': 0, 'stability_status': 'healthy', 'stability_skip_ratio': 0.0}",True,44.45099639892578,0.5048498511314392,live,0.2621951219512195,-0.08796108628850163,-0.10743246673419393,True,-0.1211694809255785,True,[],['class_never_predicted'],[],0,[]
12,8,96,1.3947247276958237,1.3947247276958237,1.394578713637132,0.0,0.0,0.0,0.0,0.19658119658119658,0.00048499999999999997,4.916129097342491,1431.984375,10.098621129989624,1.4498870227395035,1.4498870227395035,0.0,0.0,0.0,0.1851851851851852,0.03827160493827161,0.1851851851851852,0.06295955882352941,0.02204155374887082,0.10975609756097561,0.03643965208034434,"[0.0, 0.0, 0.0, 0.1, 0.12962962962962962, 0.0]","[0.0, 0.0, 0.0, 0.6111111111111112, 0.5, 0.0]","[0.0, 0.0, 0.0, 0.171875, 0.20588235294117646, 0.0]","[108, 113, 6, 36, 28, 37]","{0: 0.6707317073170732, 1: 0.6554878048780488, 2: 0.9817073170731707, 3: 0.35365853658536583, 4: 0.6707317073170732, 5: 0.8871951219512195}","{'total_batches': 8, 'valid_updates': 8, 'skipped_updates': 0, 'nonfinite_loss': 0, 'nonfinite_gradients': 0, 'skip_ratio': 0.0, 'is_valid_epoch': True, 'first_bad_parameter': None, 'max_gradient_norm': 7.658084392547607, 'min_gradient_norm': 1.9471776485443115, 'gradient_nan_elements': 0, 'gradient_inf_elements': 0, 'stability_status': 'healthy', 'stability_skip_ratio': 0.0}",True,44.450130462646484,0.6461512446403503,live,0.10975609756097561,0.055162295043679865,0.05530830910237161,True,0.08682509902022097,True,[],['class_never_predicted'],[],0,[]
13,8,104,1.385438518646436,1.385438518646436,1.387089474588378,0.0,0.0,0.0,0.0,0.2094017094017094,0.0005250000000000001,3.9904260635375977,1432.03271484375,10.16003155708313,1.4497852674344691,1.4497852674344691,0.0,0.0,0.0,0.17664092664092665,0.03770226537216829,0.17664092664092665,0.061706961591220855,0.022774094245796826,0.10975609756097561,0.03747773010137509,"[0.0, 0.0, 0.0, 0.0, 0.1, 0.1262135922330097]","[0.0, 0.0, 0.0, 0.0, 0.35714285714285715, 0.7027027027027027]","[0.0, 0.0, 0.0, 0.0, 0.15625, 0.2139917695473251]","[108, 113, 6, 36, 28, 37]","{0: 0.6707317073170732, 1: 0.6554878048780488, 2: 0.9146341463414634, 3: 0.8902439024390244, 4: 0.6707317073170732, 5: 0.4176829268292683}","{'total_batches': 8, 'valid_updates': 8, 'skipped_updates': 0, 'nonfinite_loss': 0, 'nonfinite_gradients': 0, 'skip_ratio': 0.0, 'is_valid_epoch': True, 'first_bad_parameter': None, 'max_gradient_norm': 5.074716567993164, 'min_gradient_norm': 2.609175682067871, 'gradient_nan_elements': 0, 'gradient_inf_elements': 0, 'stability_status': 'healthy', 'stability_skip_ratio': 0.0}",True,44.451656341552734,0.8227829337120056,live,0.10975609756097561,0.06434674878803315,0.06269579284609117,True,0.0996456118407338,True,[],['class_never_predicted'],[],0,[]
14,8,112,1.4250733078035533,1.4250733078035533,1.4386355510124793,0.0,0.0,0.0,0.0,0.15384615384615385,0.000565,4.892560809850693,1432.328125,10.202579021453857,1.4616366130549734,1.4616366130549734,0.0,0.0,0.0,0.16666666666666666,0.018292682926829267,0.16666666666666666,0.03296703296703297,0.012046400951814397,0.10975609756097561,0.021709997319753416,"[0.0, 0.0, 0.0, 0.10975609756097561, 0.0, 0.0]","[0.0, 0.0, 0.0, 1.0, 0.0, 0.0]","[0.0, 0.0, 0.0, 0.1978021978021978, 0.0, 0.0]","[108, 113, 6, 36, 28, 37]","{0: 0.6707317073170732, 1: 0.6554878048780488, 2: 0.9817073170731707, 3: 0.10975609756097561, 4: 0.9146341463414634, 5: 0.8871951219512195}","{'total_batches': 8, 'valid_updates': 8, 'skipped_updates': 0, 'nonfinite_loss': 0, 'nonfinite_gradients': 0, 'skip_ratio': 0.0, 'is_valid_epoch': True, 'first_bad_parameter': None, 'max_gradient_norm': 7.028770923614502, 'min_gradient_norm': 3.538001537322998, 'gradient_nan_elements': 0, 'gradient_inf_elements': 0, 'stability_status': 'healthy', 'stability_skip_ratio': 0.0}",True,44.4568977355957,0.8028771281242371,live,0.10975609756097561,0.03656330525142004,0.02300106204249408,True,0.044090056285178245,True,[],"['class_never_predicted', 'constant_metric']",['every one of the 328 validation samples was assigned the same class (streak: 1/10) - the model is a constant function of its input (REPRESENTATION_COLLAPSE)'],1,[]
15,8,120,1.3884162393390622,1.3884162393390622,1.382400082726764,0.0,0.0,0.0,0.0,0.2222222222222222,0.000605,3.3761280179023743,1432.50146484375,10.073305130004883,1.3126025723247994,1.3126025723247994,0.0,0.0,0.0,0.18342151675485008,0.0827859456936551,0.18342151675485008,0.09824983354395118,0.13346927413862725,0.1798780487804878,0.1430879892142446,"[0.37719298245614036, 0.0, 0.013888888888888888, 0.0, 0.1056338028169014, 0.0]","[0.39814814814814814, 0.0, 0.16666666666666666, 0.0, 0.5357142857142857, 0.0]","[0.38738738738738737, 0.0, 0.02564102564102564, 0.0, 0.17647058823529413, 0.0]","[108, 113, 6, 36, 28, 37]","{0: 0.5853658536585366, 1: 0.6554878048780488, 2: 0.7682926829268293, 3: 0.8902439024390244, 4: 0.573170731707317, 5: 0.8871951219512195}","{'total_batches': 8, 'valid_updates': 8, 'skipped_updates': 0, 'nonfinite_loss': 0, 'nonfinite_gradients': 0, 'skip_ratio': 0.0, 'is_valid_epoch': True, 'first_bad_parameter': None, 'max_gradient_norm': 4.741857051849365, 'min_gradient_norm': 1.748122215270996, 'gradient_nan_elements': 0, 'gradient_inf_elements': 0, 'stability_status': 'healthy', 'stability_skip_ratio': 0.0}",True,44.45743179321289,0.7829140424728394,live,0.1798780487804878,-0.07581366701426284,-0.06979751040196458,True,0.04234417344173441,True,[],['class_never_predicted'],[],0,[]
16,8,128,1.3804345039220958,1.3804345039220958,1.3856226165070493,0.0,0.0,0.0,0.0,0.16666666666666666,0.0006450000000000001,3.4550561904907227,1432.453125,10.182572841644287,1.396703161844393,1.396703161844393,0.0,0.0,0.0,0.1702059202059202,0.03729759910664433,0.1702059202059202,0.05929556782693222,0.022762184908281247,0.0975609756097561,0.03578141244587975,"[0.0, 0.0, 0.0, 0.0, 0.09045226130653267, 0.13333333333333333]","[0.0, 0.0, 0.0, 0.0, 0.6428571428571429, 0.3783783783783784]","[0.0, 0.0, 0.0, 0.0, 0.15859030837004406, 0.19718309859154928]","[108, 113, 6, 36, 28, 37]","{0: 0.6707317073170732, 1: 0.6554878048780488, 2: 0.9085365853658537, 3: 0.8902439024390244, 4: 0.4176829268292683, 5: 0.6524390243902439}","{'total_batches': 8, 'valid_updates': 8, 'skipped_updates': 0, 'nonfinite_loss': 0, 'nonfinite_gradients': 0, 'skip_ratio': 0.0, 'is_valid_epoch': True, 'first_bad_parameter': None, 'max_gradient_norm': 5.012521743774414, 'min_gradient_norm': 2.446901798248291, 'gradient_nan_elements': 0, 'gradient_inf_elements': 0, 'stability_status': 'healthy', 'stability_skip_ratio': 0.0}",True,44.46709060668945,0.8335171341896057,live,0.0975609756097561,0.01626865792229726,0.011080545337343706,True,0.06910569105691056,True,[],['class_never_predicted'],[],0,[]
17,8,136,1.3955611958462968,1.3955611958462968,1.402443933690715,0.0,0.0,0.0,0.0,0.1581196581196581,0.0006850000000000001,4.211675733327866,1431.984375,10.102626085281372,1.3819977626567934,1.3819977626567934,0.0,0.0,0.0,0.19880093958265052,0.1537986245433054,0.19880093958265052,0.09150324709134455,0.30485151200641597,0.18597560975609756,0.16895883250176114,"[0.4015151515151515, 0.5, 0.02127659574468085, 0.0, 0.0, 0.0]","[0.49074074074074076, 0.035398230088495575, 0.6666666666666666, 0.0, 0.0, 0.0]","[0.44166666666666665, 0.06611570247933884, 0.041237113402061855, 0.0, 0.0, 0.0]","[108, 113, 6, 36, 28, 37]","{0: 0.5914634146341463, 1: 0.6554878048780488, 2: 0.4329268292682927, 3: 0.8902439024390244, 4: 0.9146341463414634, 5: 0.8871951219512195}","{'total_batches': 8, 'valid_updates': 8, 'skipped_updates': 0, 'nonfinite_loss': 0, 'nonfinite_gradients': 0, 'skip_ratio': 0.0, 'is_valid_epoch': True, 'first_bad_parameter': None, 'max_gradient_norm': 6.375546455383301, 'min_gradient_norm': 2.4611291885375977, 'gradient_nan_elements': 0, 'gradient_inf_elements': 0, 'stability_status': 'healthy', 'stability_skip_ratio': 0.0}",True,44.47624206542969,0.9419861435890198,live,0.18597560975609756,-0.013563433189503371,-0.020446171033921656,True,-0.027855951636439447,True,[],['class_never_predicted'],[],0,[]
18,8,144,1.3501228399765797,1.3501228399765797,1.3375266576424623,0.0,0.0,0.0,0.0,0.2222222222222222,0.000725,2.7739171236753464,1432.03271484375,10.154066801071167,1.504696991385483,1.504696991385483,0.0,0.0,0.0,0.17923280423280427,0.029628739680239855,0.17923280423280427,0.04683313274196025,0.014905166059988135,0.06097560975609756,0.022618398740858775,"[0.0, 0.0, 0.025423728813559324, 0.058823529411764705, 0.09352517985611511, 0.0]","[0.0, 0.0, 0.5, 0.1111111111111111, 0.4642857142857143, 0.0]","[0.0, 0.0, 0.04838709677419355, 0.07692307692307693, 0.15568862275449102, 0.0]","[108, 113, 6, 36, 28, 37]","{0: 0.6707317073170732, 1: 0.6554878048780488, 2: 0.6402439024390244, 3: 0.7073170731707317, 4: 0.5701219512195121, 5: 0.8780487804878049}","{'total_batches': 8, 'valid_updates': 8, 'skipped_updates': 0, 'nonfinite_loss': 0, 'nonfinite_gradients': 0, 'skip_ratio': 0.0, 'is_valid_epoch': True, 'first_bad_parameter': None, 'max_gradient_norm': 4.1963276863098145, 'min_gradient_norm': 1.792409062385559, 'gradient_nan_elements': 0, 'gradient_inf_elements': 0, 'stability_status': 'healthy', 'stability_skip_ratio': 0.0}",True,44.49043655395508,0.9859127998352051,live,0.06097560975609756,0.1545741514089034,0.16717033374302082,True,0.16124661246612465,True,[],['class_never_predicted'],[],0,[]
19,8,152,1.3306946214447675,1.3306946214447675,1.3292290502124362,0.0,0.0,0.0,0.0,0.24358974358974358,0.0007650000000000001,3.5995029658079147,1432.328125,9.908318519592285,1.205611353967248,1.205611353967248,0.0,0.0,0.0,0.20687058740156086,0.2530042513459284,0.20687058740156086,0.15815892207231422,0.3178218472131977,0.3323170731707317,0.24405533344352368,"[0.2857142857142857, 0.37446808510638296, 0.0, 0.6666666666666666, 0.0, 0.19117647058823528]","[0.05555555555555555, 0.7787610619469026, 0.0, 0.05555555555555555, 0.0, 0.35135135135135137]","[0.09302325581395349, 0.5057471264367817, 0.0, 0.10256410256410256, 0.0, 0.24761904761904763]","[108, 113, 6, 36, 28, 37]","{0: 0.6432926829268293, 1: 0.47560975609756095, 2: 0.9786585365853658, 3: 0.8932926829268293, 4: 0.9146341463414634, 5: 0.7591463414634146}","{'total_batches': 8, 'valid_updates': 8, 'skipped_updates': 0, 'nonfinite_loss': 0, 'nonfinite_gradients': 0, 'skip_ratio': 0.0, 'is_valid_epoch': True, 'first_bad_parameter': None, 'max_gradient_norm': 6.652100086212158, 'min_gradient_norm': 1.6479538679122925, 'gradient_nan_elements': 0, 'gradient_inf_elements': 0, 'stability_status': 'healthy', 'stability_skip_ratio': 0.0}",True,44.50614547729492,1.030255675315857,live,0.3323170731707317,-0.12508326747751952,-0.12361769624518826,True,-0.08872732958098814,True,[],['class_never_predicted'],[],0,[]
20,8,160,1.316080093383789,1.316080093383789,1.3030559201525826,0.0,0.0,0.0,0.0,0.23504273504273504,0.000805,3.0453929901123047,1432.50146484375,10.15066123008728,1.3777812515817038,1.3777812515817038,0.0,0.0,0.0,0.1733038348082596,0.0676798152493761,0.1733038348082596,0.08095835948943293,0.13417598096530747,0.19512195121951217,0.15628856429807236,"[0.0, 0.3885350318471338, 0.017543859649122806, 0.0, 0.0, 0.0]","[0.0, 0.5398230088495575, 0.5, 0.0, 0.0, 0.0]","[0.0, 0.45185185185185184, 0.03389830508474576, 0.0, 0.0, 0.0]","[108, 113, 6, 36, 28, 37]","{0: 0.6707317073170732, 1: 0.5487804878048781, 2: 0.47865853658536583, 3: 0.8902439024390244, 4: 0.9146341463414634, 5: 0.8871951219512195}","{'total_batches': 8, 'valid_updates': 8, 'skipped_updates': 0, 'nonfinite_loss': 0, 'nonfinite_gradients': 0, 'skip_ratio': 0.0, 'is_valid_epoch': True, 'first_bad_parameter': None, 'max_gradient_norm': 3.9375193119049072, 'min_gradient_norm': 2.0799145698547363, 'gradient_nan_elements': 0, 'gradient_inf_elements': 0, 'stability_status': 'healthy', 'stability_skip_ratio': 0.0}",True,44.5200080871582,1.1351985931396484,live,0.1951219512195122,0.061701158197914774,0.07472533142912119,True,0.03992078382322284,True,[],['class_never_predicted'],[],0,[]
21,8,168,1.3095589376922347,1.3095589376922347,1.3144630356731577,0.0,0.0,0.0,0.0,0.2264957264957265,0.0008449999999999999,2.747163876891136,1432.453125,9.93799877166748,1.3030732637498437,1.3030732637498437,0.0,0.0,0.0,0.20386183697393137,0.2850351213282247,0.20386183697393137,0.1321859024218371,0.48750502289505654,0.17073170731707318,0.14463346290290646,"[0.3563218390804598, 1.0, 0.125, 0.0, 0.08888888888888889, 0.14]","[0.28703703703703703, 0.008849557522123894, 0.16666666666666666, 0.0, 0.5714285714285714, 0.1891891891891892]","[0.31794871794871793, 0.017543859649122806, 0.14285714285714285, 0.0, 0.15384615384615385, 0.16091954022988506]","[108, 113, 6, 36, 28, 37]","{0: 0.5945121951219512, 1: 0.6585365853658537, 2: 0.9634146341463414, 3: 0.8841463414634146, 4: 0.4634146341463415, 5: 0.7774390243902439}","{'total_batches': 8, 'valid_updates': 8, 'skipped_updates': 0, 'nonfinite_loss': 0, 'nonfinite_gradients': 0, 'skip_ratio': 0.0, 'is_valid_epoch': True, 'first_bad_parameter': None, 'max_gradient_norm': 4.944144248962402, 'min_gradient_norm': 1.5432459115982056, 'gradient_nan_elements': 0, 'gradient_inf_elements': 0, 'stability_status': 'healthy', 'stability_skip_ratio': 0.0}",True,44.52726745605469,1.1767587661743164,live,0.17073170731707318,-0.006485673942391079,-0.01138977192331403,True,0.05576401917865331,True,[],[],[],0,[]
22,8,176,1.29709978796478,1.29709978796478,1.2955442830028696,0.0,0.0,0.0,0.0,0.2264957264957265,0.000885,4.057246506214142,1431.984375,10.147399663925171,1.411924132486669,1.411924132486669,0.0,0.0,0.0,0.22160608775653023,0.19055771827035248,0.22160608775653023,0.1508590032153949,0.21390967045213685,0.22865853658536586,0.18736974648040408,"[0.0, 0.40816326530612246, 0.0, 0.16184971098265896, 0.3333333333333333, 0.24]","[0.0, 0.35398230088495575, 0.0, 0.7777777777777778, 0.03571428571428571, 0.16216216216216217]","[0.0, 0.3791469194312796, 0.0, 0.2679425837320574, 0.06451612903225806, 0.1935483870967742]","[108, 113, 6, 36, 28, 37]","{0: 0.6707317073170732, 1: 0.600609756097561, 2: 0.8932926829268293, 3: 0.5335365853658537, 4: 0.9115853658536586, 5: 0.8475609756097561}","{'total_batches': 8, 'valid_updates': 8, 'skipped_updates': 0, 'nonfinite_loss': 0, 'nonfinite_gradients': 0, 'skip_ratio': 0.0, 'is_valid_epoch': True, 'first_bad_parameter': None, 'max_gradient_norm': 6.706857681274414, 'min_gradient_norm': 2.5536465644836426, 'gradient_nan_elements': 0, 'gradient_inf_elements': 0, 'stability_status': 'healthy', 'stability_skip_ratio': 0.0}",True,44.54072189331055,1.2372472286224365,live,0.22865853658536586,0.11482434452188883,0.11637984948379931,True,-0.0021628100896393665,True,[],['class_never_predicted'],[],0,[]
23,8,184,1.280961246571989,1.280961246571989,1.2786353296703763,0.0,0.0,0.0,0.0,0.24786324786324787,0.000925,3.2610339522361755,1432.03271484375,10.086340427398682,1.4290878307528612,1.4290878307528612,0.0,0.0,0.0,0.2328441484046204,0.1696925320537973,0.2328441484046204,0.14185068983528074,0.24544695588843693,0.16463414634146342,0.1486409900490719,"[0.32075471698113206, 0.29411764705882354, 0.041666666666666664, 0.18181818181818182, 0.09090909090909091, 0.08888888888888889]","[0.1574074074074074, 0.04424778761061947, 0.3333333333333333, 0.6111111111111112, 0.14285714285714285, 0.10810810810810811]","[0.2111801242236025, 0.07692307692307693, 0.07407407407407407, 0.2802547770700637, 0.1111111111111111, 0.0975609756097561]","[108, 113, 6, 36, 28, 37]","{0: 0.6128048780487805, 1: 0.6341463414634146, 2: 0.8475609756097561, 3: 0.6554878048780488, 4: 0.8048780487804879, 5: 0.774390243902439}","{'total_batches': 8, 'valid_updates': 8, 'skipped_updates': 0, 'nonfinite_loss': 0, 'nonfinite_gradients': 0, 'skip_ratio': 0.0, 'is_valid_epoch': True, 'first_bad_parameter': None, 'max_gradient_norm': 3.85858416557312, 'min_gradient_norm': 2.8441269397735596, 'gradient_nan_elements': 0, 'gradient_inf_elements': 0, 'stability_status': 'healthy', 'stability_skip_ratio': 0.0}",True,44.5501594543457,1.0135191679000854,live,0.16463414634146342,0.1481265841808721,0.15045250108248487,True,0.08322910152178445,True,[],[],[],0,[]
24,8,192,1.2747286965704372,1.2747286965704372,1.278923905812777,0.0,0.0,0.0,0.0,0.28205128205128205,0.000965,2.9488165378570557,1432.328125,10.11602783203125,1.3174068171803544,1.3174068171803544,0.0,0.0,0.0,0.2373981123981124,0.08370844365989998,0.2373981123981124,0.10282769477529925,0.03009789464620154,0.13414634146341464,0.046086273958649525,"[0.0, 0.0, 0.25, 0.0, 0.10679611650485436, 0.14545454545454545]","[0.0, 0.0, 0.16666666666666666, 0.0, 0.39285714285714285, 0.8648648648648649]","[0.0, 0.0, 0.2, 0.0, 0.16793893129770993, 0.2490272373540856]","[108, 113, 6, 36, 28, 37]","{0: 0.6707317073170732, 1: 0.6554878048780488, 2: 0.975609756097561, 3: 0.8871951219512195, 4: 0.6676829268292683, 5: 0.4115853658536585}","{'total_batches': 8, 'valid_updates': 8, 'skipped_updates': 0, 'nonfinite_loss': 0, 'nonfinite_gradients': 0, 'skip_ratio': 0.0, 'is_valid_epoch': True, 'first_bad_parameter': None, 'max_gradient_norm': 4.4662346839904785, 'min_gradient_norm': 2.056168556213379, 'gradient_nan_elements': 0, 'gradient_inf_elements': 0, 'stability_status': 'healthy', 'stability_skip_ratio': 0.0}",True,44.56447219848633,1.0606048107147217,live,0.13414634146341464,0.04267812060991716,0.03848291136757731,True,0.1479049405878674,True,[],['class_never_predicted'],[],0,[]
25,8,200,1.2857613838635957,1.2857613838635957,1.2862298111630301,0.0,0.0,0.0,0.0,0.28205128205128205,0.001,2.9148675948381424,1432.50146484375,9.875256299972534,1.4098738751760342,1.4098738751760342,0.0,0.0,0.0,0.214568603580403,0.2146781789638932,0.214568603580403,0.1422619887452563,0.3475322586820845,0.21036585365853658,0.19504950565905207,"[0.46938775510204084, 0.46153846153846156, 0.0, 0.14285714285714285, 0.21428571428571427, 0.0]","[0.21296296296296297, 0.10619469026548672, 0.0, 0.8611111111111112, 0.10714285714285714, 0.0]","[0.2929936305732484, 0.17266187050359713, 0.0, 0.2450592885375494, 0.14285714285714285, 0.0]","[108, 113, 6, 36, 28, 37]","{0: 0.6615853658536586, 1: 0.649390243902439, 2: 0.9146341463414634, 3: 0.4176829268292683, 4: 0.8902439024390244, 5: 0.8871951219512195}","{'total_batches': 8, 'valid_updates': 8, 'skipped_updates': 0, 'nonfinite_loss': 0, 'nonfinite_gradients': 0, 'skip_ratio': 0.0, 'is_valid_epoch': True, 'first_bad_parameter': None, 'max_gradient_norm': 5.202227592468262, 'min_gradient_norm': 1.5943148136138916, 'gradient_nan_elements': 0, 'gradient_inf_elements': 0, 'stability_status': 'healthy', 'stability_skip_ratio': 0.0}",True,44.58261489868164,1.2476247549057007,live,0.21036585365853658,0.12411249131243851,0.1236440640130041,True,0.07168542839274547,True,[],['class_never_predicted'],[],0,[]
26,8,208,1.2971179495509872,1.2971179495509872,1.3024038096778414,0.0,0.0,0.0,0.0,0.28205128205128205,0.00099984209464165,2.978124186396599,1432.453125,9.856778621673584,1.4478485177202922,1.4478485177202922,0.0,0.0,0.0,0.2331058407754573,0.24447645347137248,0.2331058407754573,0.13512609332018674,0.39932293514717093,0.15548780487804878,0.15431316218907482,"[0.46808510638297873, 0.6, 0.038461538461538464, 0.11940298507462686, 0.09090909090909091, 0.15]","[0.2037037037037037, 0.02654867256637168, 0.5, 0.4444444444444444, 0.14285714285714285, 0.08108108108108109]","[0.2838709677419355, 0.05084745762711865, 0.07142857142857142, 0.18823529411764706, 0.1111111111111111, 0.10526315789473684]","[108, 113, 6, 36, 28, 37]","{0: 0.6615853658536586, 1: 0.6585365853658537, 2: 0.7621951219512195, 3: 0.5792682926829268, 4: 0.8048780487804879, 5: 0.8445121951219512}","{'total_batches': 8, 'valid_updates': 8, 'skipped_updates': 0, 'nonfinite_loss': 0, 'nonfinite_gradients': 0, 'skip_ratio': 0.0, 'is_valid_epoch': True, 'first_bad_parameter': None, 'max_gradient_norm': 4.722286224365234, 'min_gradient_norm': 1.964159607887268, 'gradient_nan_elements': 0, 'gradient_inf_elements': 0, 'stability_status': 'healthy', 'stability_skip_ratio': 0.0}",True,44.593666076660156,1.1419261693954468,live,0.15548780487804878,0.15073056816930497,0.1454447080424508,True,0.12656347717323327,True,[],[],[],0,[]
27,8,216,1.2304107531523094,1.2304107531523094,1.2234063270764473,0.0,0.0,0.0,0.0,0.32905982905982906,0.0009993684783030088,2.4164617508649826,1431.984375,9.876773834228516,1.3018075256812862,1.3018075256812862,0.0,0.0,0.0,0.28445512516308974,0.24493373645088856,0.28445512516308974,0.16934340649768087,0.3407342044938818,0.21646341463414634,0.20033508672146702,"[0.42857142857142855, 0.3925233644859813, 0.057971014492753624, 0.15463917525773196, 0.10256410256410256, 0.3333333333333333]","[0.027777777777777776, 0.37168141592920356, 0.6666666666666666, 0.4166666666666667, 0.14285714285714285, 0.08108108108108109]","[0.05217391304347826, 0.38181818181818183, 0.10666666666666667, 0.22556390977443608, 0.11940298507462686, 0.13043478260869565]","[108, 113, 6, 36, 28, 37]","{0: 0.6676829268292683, 1: 0.5853658536585366, 2: 0.7957317073170732, 3: 0.6859756097560976, 4: 0.8201219512195121, 5: 0.8780487804878049}","{'total_batches': 8, 'valid_updates': 8, 'skipped_updates': 0, 'nonfinite_loss': 0, 'nonfinite_gradients': 0, 'skip_ratio': 0.0, 'is_valid_epoch': True, 'first_bad_parameter': None, 'max_gradient_norm': 3.76477313041687, 'min_gradient_norm': 1.344716191291809, 'gradient_nan_elements': 0, 'gradient_inf_elements': 0, 'stability_status': 'healthy', 'stability_skip_ratio': 0.0}",True,44.621097564697266,1.0457415580749512,live,0.21646341463414634,0.0713967725289768,0.07840119860483896,True,0.11259641442568272,True,[],[],[],0,[]
28,8,224,1.2034714344220283,1.2034714344220283,1.2019407647287743,0.0,0.0,0.0,0.0,0.29914529914529914,0.000998579450130307,1.9259024783968925,1432.03271484375,9.8729727268219,1.3047786282330025,1.3047786282330025,0.0,0.0,0.0,0.22332451499118167,0.12298575122037321,0.22332451499118167,0.14340185368618522,0.1712695035725651,0.2073170731707317,0.1758666927827213,"[0.43157894736842106, 0.0, 0.020833333333333332, 0.18085106382978725, 0.10465116279069768, 0.0]","[0.37962962962962965, 0.0, 0.16666666666666666, 0.4722222222222222, 0.32142857142857145, 0.0]","[0.4039408866995074, 0.0, 0.037037037037037035, 0.26153846153846155, 0.15789473684210525, 0.0]","[108, 113, 6, 36, 28, 37]","{0: 0.6310975609756098, 1: 0.6524390243902439, 2: 0.8414634146341463, 3: 0.7073170731707317, 4: 0.7073170731707317, 5: 0.875}","{'total_batches': 8, 'valid_updates': 8, 'skipped_updates': 0, 'nonfinite_loss': 0, 'nonfinite_gradients': 0, 'skip_ratio': 0.0, 'is_valid_epoch': True, 'first_bad_parameter': None, 'max_gradient_norm': 3.986079454421997, 'min_gradient_norm': 0.9834832549095154, 'gradient_nan_elements': 0, 'gradient_inf_elements': 0, 'stability_status': 'healthy', 'stability_skip_ratio': 0.0}",True,44.65654754638672,1.1936129331588745,live,0.2073170731707317,0.1013071938109742,0.10283786350422819,True,0.09182822597456744,True,[],[],[],0,[]
29,8,232,1.2473330263398652,1.2473330263398652,1.244262631632324,0.0,0.0,0.0,0.0,0.31196581196581197,0.0009974755084906502,2.253650739789009,1432.328125,9.856578588485718,1.5505402320768775,1.5505402320768775,0.0,0.0,0.0,0.21754587499425257,0.18549081637316933,0.21754587499425257,0.11905667676618426,0.2786226894817282,0.12195121951219512,0.13405757545143848,"[0.41025641025641024, 0.3076923076923077, 0.029411764705882353, 0.10606060606060606, 0.14285714285714285, 0.11666666666666667]","[0.14814814814814814, 0.035398230088495575, 0.6666666666666666, 0.19444444444444445, 0.07142857142857142, 0.1891891891891892]","[0.21768707482993196, 0.06349206349206349, 0.056338028169014086, 0.13725490196078433, 0.09523809523809523, 0.14432989690721648]","[108, 113, 6, 36, 28, 37]","{0: 0.649390243902439, 1: 0.6402439024390244, 2: 0.5914634146341463, 3: 0.7317073170731707, 4: 0.8841463414634146, 5: 0.7469512195121951}","{'total_batches': 8, 'valid_updates': 8, 'skipped_updates': 0, 'nonfinite_loss': 0, 'nonfinite_gradients': 0, 'skip_ratio': 0.0, 'is_valid_epoch': True, 'first_bad_parameter': None, 'max_gradient_norm': 3.683072090148926, 'min_gradient_norm': 1.2718501091003418, 'gradient_nan_elements': 0, 'gradient_inf_elements': 0, 'stability_status': 'healthy', 'stability_skip_ratio': 0.0}",True,44.68217468261719,1.3307933807373047,live,0.12195121951219512,0.3032072057370123,0.30627760044455354,True,0.19001459245361685,True,[],[],[],0,[]
30,8,240,1.2473908408075316,1.2473908408075316,1.2553076000295134,0.0,0.0,0.0,0.0,0.2606837606837607,0.000996057350657239,2.6808285862207413,1432.50146484375,9.854646444320679,1.3533008854563644,1.3533008854563644,0.0,0.0,0.0,0.24721207722682648,0.20513811585240158,0.24721207722682648,0.18214849806435807,0.3164528560870024,0.22865853658536586,0.23386849561458645,"[0.5, 0.3333333333333333, 0.045454545454545456, 0.25, 0.10204081632653061, 0.0]","[0.28703703703703703, 0.13274336283185842, 0.16666666666666666, 0.3611111111111111, 0.5357142857142857, 0.0]","[0.36470588235294116, 0.189873417721519, 0.07142857142857142, 0.29545454545454547, 0.17142857142857143, 0.0]","[108, 113, 6, 36, 28, 37]","{0: 0.6707317073170732, 1: 0.6097560975609756, 2: 0.9207317073170732, 3: 0.8109756097560976, 4: 0.5579268292682927, 5: 0.8871951219512195}","{'total_batches': 8, 'valid_updates': 8, 'skipped_updates': 0, 'nonfinite_loss': 0, 'nonfinite_gradients': 0, 'skip_ratio': 0.0, 'is_valid_epoch': True, 'first_bad_parameter': None, 'max_gradient_norm': 3.9799582958221436, 'min_gradient_norm': 1.847439169883728, 'gradient_nan_elements': 0, 'gradient_inf_elements': 0, 'stability_status': 'healthy', 'stability_skip_ratio': 0.0}",True,44.7317008972168,1.4040976762771606,live,0.22865853658536586,0.1059100446488328,0.09799328542685104,True,0.03202522409839484,True,[],['class_never_predicted'],[],0,[]
31,8,248,1.2140472893022065,1.2140472893022065,1.2185761714592958,0.0,0.0,0.0,0.0,0.3162393162393162,0.000994325872368957,1.869600161910057,1432.453125,9.875059127807617,1.403370374586524,1.403370374586524,0.0,0.0,0.0,0.24788320769146724,0.16619446497495277,0.24788320769146724,0.13357493746518853,0.2899056748328015,0.18902439024390244,0.1978541310696514,"[0.3333333333333333, 0.4696969696969697, 0.032520325203252036, 0.16161616161616163, 0.0, 0.0]","[0.10185185185185185, 0.2743362831858407, 0.6666666666666666, 0.4444444444444444, 0.0, 0.0]","[0.15602836879432624, 0.3463687150837989, 0.06201550387596899, 0.23703703703703705, 0.0, 0.0]","[108, 113, 6, 36, 28, 37]","{0: 0.6371951219512195, 1: 0.6432926829268293, 2: 0.6310975609756098, 3: 0.6859756097560976, 4: 0.8963414634146342, 5: 0.8841463414634146}","{'total_batches': 8, 'valid_updates': 8, 'skipped_updates': 0, 'nonfinite_loss': 0, 'nonfinite_gradients': 0, 'skip_ratio': 0.0, 'is_valid_epoch': True, 'first_bad_parameter': None, 'max_gradient_norm': 2.557814598083496, 'min_gradient_norm': 1.137770175933838, 'gradient_nan_elements': 0, 'gradient_inf_elements': 0, 'stability_status': 'healthy', 'stability_skip_ratio': 0.0}",True,44.76197814941406,1.4466972351074219,live,0.18902439024390244,0.18932308528431752,0.18479420312722827,True,0.12721492599541379,True,[],[],[],0,[]
32,8,256,1.2321076719169943,1.2321076719169943,1.2359716474500477,0.0,0.0,0.0,0.0,0.2863247863247863,0.0009922821672646027,1.9793347790837288,1431.984375,9.802638292312622,1.3348482178478707,1.3348482178478707,0.0,0.0,0.0,0.22183097551829115,0.20697641613076354,0.22183097551829115,0.18509062293465964,0.3033845333327762,0.21951219512195122,0.23575978126073224,"[0.373134328358209, 0.38181818181818183, 0.030303030303030304, 0.1917808219178082, 0.09090909090909091, 0.17391304347826086]","[0.23148148148148148, 0.18584070796460178, 0.16666666666666666, 0.3888888888888889, 0.25, 0.10810810810810811]","[0.2857142857142857, 0.25, 0.05128205128205128, 0.25688073394495414, 0.13333333333333333, 0.13333333333333333]","[108, 113, 6, 36, 28, 37]","{0: 0.6189024390243902, 1: 0.6158536585365854, 2: 0.8871951219512195, 3: 0.7530487804878049, 4: 0.7225609756097561, 5: 0.8414634146341463}","{'total_batches': 8, 'valid_updates': 8, 'skipped_updates': 0, 'nonfinite_loss': 0, 'nonfinite_gradients': 0, 'skip_ratio': 0.0, 'is_valid_epoch': True, 'first_bad_parameter': None, 'max_gradient_norm': 3.99369215965271, 'min_gradient_norm': 0.9677742123603821, 'gradient_nan_elements': 0, 'gradient_inf_elements': 0, 'stability_status': 'healthy', 'stability_skip_ratio': 0.0}",True,44.81370162963867,1.4513541460037231,live,0.21951219512195122,0.10274054593087634,0.09887657039782294,True,0.06681259120283509,True,[],[],[],0,[]
33,8,264,1.167072902377854,1.167072902377854,1.1687006023195055,0.0,0.0,0.0,0.0,0.36752136752136755,0.0009899275261921235,1.6164616346359253,1432.03271484375,9.851067543029785,1.348754429235691,1.348754429235691,0.0,0.0,0.0,0.2579234839559323,0.17035451321165607,0.2579234839559323,0.15960317499134571,0.26413161461070866,0.21036585365853658,0.21468494816600478,"[0.35555555555555557, 0.336734693877551, 0.06060606060606061, 0.14102564102564102, 0.0, 0.1282051282051282]","[0.14814814814814814, 0.2920353982300885, 0.6666666666666666, 0.3055555555555556, 0.0, 0.13513513513513514]","[0.20915032679738563, 0.3127962085308057, 0.1111111111111111, 0.19298245614035087, 0.0, 0.13157894736842105]","[108, 113, 6, 36, 28, 37]","{0: 0.6310975609756098, 1: 0.5579268292682927, 2: 0.8048780487804879, 3: 0.7195121951219512, 4: 0.9085365853658537, 5: 0.7987804878048781}","{'total_batches': 8, 'valid_updates': 8, 'skipped_updates': 0, 'nonfinite_loss': 0, 'nonfinite_gradients': 0, 'skip_ratio': 0.0, 'is_valid_epoch': True, 'first_bad_parameter': None, 'max_gradient_norm': 2.1101200580596924, 'min_gradient_norm': 1.0206888914108276, 'gradient_nan_elements': 0, 'gradient_inf_elements': 0, 'stability_status': 'healthy', 'stability_skip_ratio': 0.0}",True,44.881202697753906,1.3319897651672363,live,0.21036585365853658,0.1816815268578369,0.18005382691618554,True,0.15715551386283097,True,[],[],[],0,[]
34,8,272,1.166778141616756,1.166778141616756,1.1664559718890068,0.0,0.0,0.0,0.0,0.3418803418803419,0.0009872634363932886,1.9522249102592468,1432.328125,9.590922117233276,1.6865406385282191,1.6865406385282191,0.0,0.0,0.0,0.25365842032508706,0.11832282799557202,0.25365842032508706,0.10801997396708102,0.14692878455175934,0.10670731707317073,0.09444666532963317,"[0.34375, 0.0, 0.043478260869565216, 0.07462686567164178, 0.11764705882352941, 0.13043478260869565]","[0.10185185185185185, 0.0, 0.8333333333333334, 0.1388888888888889, 0.2857142857142857, 0.16216216216216217]","[0.15714285714285714, 0.0, 0.08264462809917356, 0.0970873786407767, 0.16666666666666666, 0.14457831325301204]","[108, 113, 6, 36, 28, 37]","{0: 0.6402439024390244, 1: 0.6554878048780488, 2: 0.6615853658536586, 3: 0.7164634146341463, 4: 0.7560975609756098, 5: 0.7835365853658537}","{'total_batches': 8, 'valid_updates': 8, 'skipped_updates': 0, 'nonfinite_loss': 0, 'nonfinite_gradients': 0, 'skip_ratio': 0.0, 'is_valid_epoch': True, 'first_bad_parameter': None, 'max_gradient_norm': 2.9691004753112793, 'min_gradient_norm': 1.2388010025024414, 'gradient_nan_elements': 0, 'gradient_inf_elements': 0, 'stability_status': 'healthy', 'stability_skip_ratio': 0.0}",True,44.960575103759766,1.421543002128601,live,0.10670731707317073,0.5197624969114631,0.5200846666392123,True,0.23517302480717117,True,[],['class_never_predicted'],[],0,[]
35,8,280,1.1438536745870216,1.1438536745870216,1.1600328673664322,0.0,0.0,0.0,0.0,0.3333333333333333,0.0009842915805643156,1.9332071542739868,1432.50146484375,9.370278358459473,1.432936098517441,1.432936098517441,0.0,0.0,0.0,0.259344679698662,0.22124716660550733,0.259344679698662,0.19232374188889842,0.32874599488348927,0.22560975609756098,0.23340014981955426,"[0.39622641509433965, 0.44680851063829785, 0.06896551724137931, 0.18095238095238095, 0.11764705882352941, 0.11688311688311688]","[0.19444444444444445, 0.18584070796460178, 0.3333333333333333, 0.5277777777777778, 0.07142857142857142, 0.24324324324324326]","[0.2608695652173913, 0.2625, 0.11428571428571428, 0.2695035460992908, 0.08888888888888889, 0.15789473684210525]","[108, 113, 6, 36, 28, 37]","{0: 0.6371951219512195, 1: 0.6402439024390244, 2: 0.9054878048780488, 3: 0.6859756097560976, 4: 0.875, 5: 0.7073170731707317}","{'total_batches': 8, 'valid_updates': 8, 'skipped_updates': 0, 'nonfinite_loss': 0, 'nonfinite_gradients': 0, 'skip_ratio': 0.0, 'is_valid_epoch': True, 'first_bad_parameter': None, 'max_gradient_norm': 2.9087140560150146, 'min_gradient_norm': 1.0501890182495117, 'gradient_nan_elements': 0, 'gradient_inf_elements': 0, 'stability_status': 'healthy', 'stability_skip_ratio': 0.0}",True,44.99379348754883,1.4974066019058228,live,0.22560975609756098,0.2890824239304195,0.2729032311510089,True,0.10772357723577233,True,[],[],[],0,[]
36,8,288,1.1726219409551375,1.1726219409551375,1.1792020069228277,0.0,0.0,0.0,0.0,0.3247863247863248,0.0009810138357930428,1.9143361151218414,1432.453125,9.65414047241211,1.481093711969329,1.481093711969329,0.0,0.0,0.0,0.22294017574253563,0.1765551586654612,0.22294017574253563,0.14575138566064724,0.2754726922463758,0.18292682926829268,0.19909022032961257,"[0.35555555555555557, 0.373134328358209, 0.02830188679245283, 0.14444444444444443, 0.15789473684210525, 0.0]","[0.14814814814814814, 0.22123893805309736, 0.5, 0.3611111111111111, 0.10714285714285714, 0.0]","[0.20915032679738563, 0.2777777777777778, 0.05357142857142857, 0.20634920634920634, 0.1276595744680851, 0.0]","[108, 113, 6, 36, 28, 37]","{0: 0.6310975609756098, 1: 0.6036585365853658, 2: 0.676829268292683, 3: 0.6951219512195121, 4: 0.875, 5: 0.8841463414634146}","{'total_batches': 8, 'valid_updates': 8, 'skipped_updates': 0, 'nonfinite_loss': 0, 'nonfinite_gradients': 0, 'skip_ratio': 0.0, 'is_valid_epoch': True, 'first_bad_parameter': None, 'max_gradient_norm': 2.9679672718048096, 'min_gradient_norm': 1.410677433013916, 'gradient_nan_elements': 0, 'gradient_inf_elements': 0, 'stability_status': 'healthy', 'stability_skip_ratio': 0.0}",True,45.03809356689453,1.3301929235458374,live,0.18292682926829268,0.30847177101419154,0.3018917050465013,True,0.14185949551803212,True,[],[],[],0,[]
37,8,296,1.15198980539273,1.15198980539273,1.1441844131192591,0.0,0.0,0.0,0.0,0.3547008547008547,0.0009774322723733215,1.7085346281528473,1431.984375,9.900305986404419,1.15327556249572,1.15327556249572,0.0,0.0,0.0,0.24049049049049046,0.20160605701650477,0.24049049049049046,0.1631847054614415,0.19816098081023456,0.19817073170731708,0.16549793069562763,"[0.375, 0.0, 0.16666666666666666, 0.2777777777777778, 0.1044776119402985, 0.2857142857142857]","[0.3333333333333333, 0.0, 0.16666666666666666, 0.1388888888888889, 0.75, 0.05405405405405406]","[0.35294117647058826, 0.0, 0.16666666666666666, 0.18518518518518517, 0.18340611353711792, 0.09090909090909091]","[108, 113, 6, 36, 28, 37]","{0: 0.5975609756097561, 1: 0.6554878048780488, 2: 0.9695121951219512, 3: 0.8658536585365854, 4: 0.4298780487804878, 5: 0.8780487804878049}","{'total_batches': 8, 'valid_updates': 8, 'skipped_updates': 0, 'nonfinite_loss': 0, 'nonfinite_gradients': 0, 'skip_ratio': 0.0, 'is_valid_epoch': True, 'first_bad_parameter': None, 'max_gradient_norm': 2.4721572399139404, 'min_gradient_norm': 1.344083547592163, 'gradient_nan_elements': 0, 'gradient_inf_elements': 0, 'stability_status': 'healthy', 'stability_skip_ratio': 0.0}",True,45.07843780517578,1.3987973928451538,live,0.19817073170731708,0.0012857571029900594,0.009091149376460939,True,0.15653012299353763,True,[],['class_never_predicted'],[],0,[]
38,8,304,1.2226492237840962,1.2226492237840962,1.2546289109776163,0.0,0.0,0.0,0.0,0.3247863247863248,0.0009735491524973722,2.0029112100601196,1432.03271484375,9.711674451828003,1.44693007120272,1.44693007120272,0.0,0.0,0.0,0.22478525723363477,0.1720650244970184,0.22478525723363477,0.08147832764113704,0.26714575339277286,0.08536585365853659,0.06323050918595054,"[0.25, 0.4444444444444444, 0.028169014084507043, 0.0625, 0.12962962962962962, 0.11764705882352941]","[0.009259259259259259, 0.035398230088495575, 0.6666666666666666, 0.08333333333333333, 0.5, 0.05405405405405406]","[0.017857142857142856, 0.06557377049180328, 0.05405405405405406, 0.07142857142857142, 0.20588235294117646, 0.07407407407407407]","[108, 113, 6, 36, 28, 37]","{0: 0.6646341463414634, 1: 0.6524390243902439, 2: 0.573170731707317, 3: 0.7621951219512195, 4: 0.6707317073170732, 5: 0.8475609756097561}","{'total_batches': 8, 'valid_updates': 8, 'skipped_updates': 0, 'nonfinite_loss': 0, 'nonfinite_gradients': 0, 'skip_ratio': 0.0, 'is_valid_epoch': True, 'first_bad_parameter': None, 'max_gradient_norm': 2.8775734901428223, 'min_gradient_norm': 1.6409306526184082, 'gradient_nan_elements': 0, 'gradient_inf_elements': 0, 'stability_status': 'healthy', 'stability_skip_ratio': 0.0}",True,45.10630798339844,1.44959557056427,live,0.08536585365853659,0.22428084741862375,0.19230116022510368,True,0.2394204711277882,True,[],[],[],0,[]
39,8,312,1.1064206596113677,1.1064206596113677,1.1073716899268649,0.0,0.0,0.0,0.0,0.3504273504273504,0.0009693669288269371,1.678514987230301,1432.328125,9.857640981674194,1.3351167062433755,1.3351167062433755,0.0,0.0,0.0,0.2330999878934982,0.20465817211878726,0.2330999878934982,0.16831234652641566,0.34024664702761054,0.24085365853658536,0.2355288570687038,"[0.3953488372093023, 0.5161290322580645, 0.030303030303030304, 0.1893939393939394, 0.0, 0.0967741935483871]","[0.3148148148148148, 0.1415929203539823, 0.16666666666666666, 0.6944444444444444, 0.0, 0.08108108108108109]","[0.35051546391752575, 0.2222222222222222, 0.05128205128205128, 0.2976190476190476, 0.0, 0.08823529411764706]","[108, 113, 6, 36, 28, 37]","{0: 0.6158536585365854, 1: 0.6585365853658537, 2: 0.8871951219512195, 3: 0.6402439024390244, 4: 0.8689024390243902, 5: 0.8109756097560976}","{'total_batches': 8, 'valid_updates': 8, 'skipped_updates': 0, 'nonfinite_loss': 0, 'nonfinite_gradients': 0, 'skip_ratio': 0.0, 'is_valid_epoch': True, 'first_bad_parameter': None, 'max_gradient_norm': 3.472641944885254, 'min_gradient_norm': 1.062709927558899, 'gradient_nan_elements': 0, 'gradient_inf_elements': 0, 'stability_status': 'healthy', 'stability_skip_ratio': 0.0}",True,45.12286376953125,1.2909263372421265,live,0.24085365853658536,0.22869604663200782,0.22774501631651067,True,0.10957369189076505,True,[],[],[],0,[]
40,8,320,1.0778567505697918,1.0778567505697918,1.073808944123423,0.0,0.0,0.0,0.0,0.3504273504273504,0.0009648882429441257,1.7264191955327988,1432.50146484375,9.670037031173706,1.3207730723590385,1.3207730723590385,0.0,0.0,0.0,0.2535195330180581,0.19607473544973544,0.2535195330180581,0.1641761691293887,0.3174911077235772,0.27134146341463417,0.26402145275724076,"[0.52, 0.34375, 0.05555555555555555, 0.2, 0.05714285714285714, 0.0]","[0.24074074074074073, 0.48672566371681414, 0.6666666666666666, 0.05555555555555555, 0.07142857142857142, 0.0]","[0.3291139240506329, 0.40293040293040294, 0.10256410256410256, 0.08695652173913043, 0.06349206349206349, 0.0]","[108, 113, 6, 36, 28, 37]","{0: 0.676829268292683, 1: 0.5030487804878049, 2: 0.7865853658536586, 3: 0.8719512195121951, 4: 0.8201219512195121, 5: 0.8841463414634146}","{'total_batches': 8, 'valid_updates': 8, 'skipped_updates': 0, 'nonfinite_loss': 0, 'nonfinite_gradients': 0, 'skip_ratio': 0.0, 'is_valid_epoch': True, 'first_bad_parameter': None, 'max_gradient_norm': 2.752882242202759, 'min_gradient_norm': 1.1056201457977295, 'gradient_nan_elements': 0, 'gradient_inf_elements': 0, 'stability_status': 'healthy', 'stability_skip_ratio': 0.0}",True,45.16766357421875,1.2295386791229248,live,0.27134146341463417,0.24291632178924671,0.24696412823561542,True,0.07908588701271624,True,[],[],[],0,[]
41,8,328,1.1231664673894899,1.1231664673894899,1.136871493779696,0.0,0.0,0.0,0.0,0.3547008547008547,0.0009601159236829353,1.5003176629543304,1432.453125,10.821900129318237,1.4567472905647465,1.4567472905647465,0.0,0.0,0.0,0.30089613422946754,0.14517008096681785,0.30089613422946754,0.16734827369291552,0.17994070756485087,0.21341463414634146,0.1820970285245885,"[0.425531914893617, 0.0, 0.06896551724137931, 0.18, 0.12244897959183673, 0.07407407407407407]","[0.37037037037037035, 0.0, 0.6666666666666666, 0.5, 0.21428571428571427, 0.05405405405405406]","[0.39603960396039606, 0.0, 0.125, 0.2647058823529412, 0.15584415584415584, 0.0625]","[108, 113, 6, 36, 28, 37]","{0: 0.6280487804878049, 1: 0.6554878048780488, 2: 0.8292682926829268, 3: 0.6951219512195121, 4: 0.801829268292683, 5: 0.8170731707317073}","{'total_batches': 8, 'valid_updates': 8, 'skipped_updates': 0, 'nonfinite_loss': 0, 'nonfinite_gradients': 0, 'skip_ratio': 0.0, 'is_valid_epoch': True, 'first_bad_parameter': None, 'max_gradient_norm': 2.229814052581787, 'min_gradient_norm': 1.0206084251403809, 'gradient_nan_elements': 0, 'gradient_inf_elements': 0, 'stability_status': 'healthy', 'stability_skip_ratio': 0.0}",True,45.202110290527344,1.3415814638137817,live,0.21341463414634146,0.3335808231752566,0.3198757967850505,True,0.14128622055451326,True,[],['class_never_predicted'],[],0,[]
42,8,336,1.0645769009223351,1.0645769009223351,1.074132161262708,0.0,0.0,0.0,0.0,0.3547008547008547,0.0009550529853424979,1.455911010503769,1431.984375,10.884665727615356,1.506221643308314,1.506221643308314,0.0,0.0,0.0,0.2741337523785901,0.22568101314599912,0.2741337523785901,0.16222691385234797,0.3592119774739164,0.17378048780487804,0.20354796361922156,"[0.4642857142857143, 0.5, 0.05102040816326531, 0.07407407407407407, 0.17647058823529413, 0.08823529411764706]","[0.12037037037037036, 0.20353982300884957, 0.8333333333333334, 0.1111111111111111, 0.21428571428571427, 0.16216216216216217]","[0.19117647058823528, 0.2893081761006289, 0.09615384615384616, 0.08888888888888889, 0.1935483870967742, 0.11428571428571428]","[108, 113, 6, 36, 28, 37]","{0: 0.6646341463414634, 1: 0.6554878048780488, 2: 0.7134146341463414, 3: 0.75, 4: 0.8475609756097561, 5: 0.7164634146341463}","{'total_batches': 8, 'valid_updates': 8, 'skipped_updates': 0, 'nonfinite_loss': 0, 'nonfinite_gradients': 0, 'skip_ratio': 0.0, 'is_valid_epoch': True, 'first_bad_parameter': None, 'max_gradient_norm': 2.5178372859954834, 'min_gradient_norm': 1.0085179805755615, 'gradient_nan_elements': 0, 'gradient_inf_elements': 0, 'stability_status': 'healthy', 'stability_skip_ratio': 0.0}",True,45.22797393798828,1.4424470663070679,live,0.17378048780487804,0.44164474238597884,0.43208948204560604,True,0.18092036689597668,True,[],[],[],0,[]
43,8,344,1.0670494737788143,1.0670494737788143,1.066260003636026,0.0,0.0,0.0,0.0,0.3974358974358974,0.0009497026257831855,1.4111416786909103,1432.03271484375,9.74083924293518,1.1127145115922137,1.1127145115922137,0.0,0.0,0.0,0.3238377441917265,0.2678980153556425,0.3238377441917265,0.227848854786574,0.3735708096161796,0.31097560975609756,0.2979442312935594,"[0.4166666666666667, 0.5, 0.1, 0.20512820512820512, 0.13559322033898305, 0.25]","[0.5555555555555556, 0.18584070796460178, 0.6666666666666666, 0.2222222222222222, 0.2857142857142857, 0.02702702702702703]","[0.47619047619047616, 0.2709677419354839, 0.17391304347826086, 0.21333333333333335, 0.1839080459770115, 0.04878048780487805]","[108, 113, 6, 36, 28, 37]","{0: 0.5975609756097561, 1: 0.6554878048780488, 2: 0.8841463414634146, 3: 0.8201219512195121, 4: 0.7835365853658537, 5: 0.8810975609756098}","{'total_batches': 8, 'valid_updates': 8, 'skipped_updates': 0, 'nonfinite_loss': 0, 'nonfinite_gradients': 0, 'skip_ratio': 0.0, 'is_valid_epoch': True, 'first_bad_parameter': None, 'max_gradient_norm': 1.6949700117111206, 'min_gradient_norm': 1.0552691221237183, 'gradient_nan_elements': 0, 'gradient_inf_elements': 0, 'stability_status': 'healthy', 'stability_skip_ratio': 0.0}",True,45.266937255859375,1.141907811164856,live,0.31097560975609756,0.04566503781339937,0.046454507956187774,True,0.08646028767979985,True,[],[],[],0,[]
44,8,352,1.1387087320670104,1.1387087320670104,1.1644520504861815,0.0,0.0,0.0,0.0,0.3547008547008547,0.0009440682244067723,1.575924590229988,1432.328125,9.68497371673584,1.2764777672000047,1.2764777672000047,0.0,0.0,0.0,0.23858619470713868,0.21745281248827344,0.23858619470713868,0.19456051630625837,0.3084372760520919,0.24390243902439024,0.2291538645764656,"[0.37037037037037035, 0.4166666666666667, 0.14285714285714285, 0.19148936170212766, 0.05, 0.13333333333333333]","[0.37037037037037035, 0.08849557522123894, 0.16666666666666666, 0.5, 0.03571428571428571, 0.2702702702702703]","[0.37037037037037035, 0.145985401459854, 0.15384615384615385, 0.27692307692307694, 0.041666666666666664, 0.17857142857142858]","[108, 113, 6, 36, 28, 37]","{0: 0.5853658536585366, 1: 0.6432926829268293, 2: 0.9664634146341463, 3: 0.7134146341463414, 4: 0.8597560975609756, 5: 0.7195121951219512}","{'total_batches': 8, 'valid_updates': 8, 'skipped_updates': 0, 'nonfinite_loss': 0, 'nonfinite_gradients': 0, 'skip_ratio': 0.0, 'is_valid_epoch': True, 'first_bad_parameter': None, 'max_gradient_norm': 1.9508026838302612, 'min_gradient_norm': 1.0002164840698242, 'gradient_nan_elements': 0, 'gradient_inf_elements': 0, 'stability_status': 'healthy', 'stability_skip_ratio': 0.0}",True,45.31216049194336,1.194718599319458,live,0.24390243902439024,0.13776903513299432,0.11202571671382322,True,0.11079841567646448,True,[],[],[],0,[]
45,8,360,1.103581901289459,1.103581901289459,1.107692436275319,0.0,0.0,0.0,0.0,0.3504273504273504,0.0009381533400219318,1.8277229517698288,1432.50146484375,9.219138622283936,1.3366226684756395,1.3366226684756395,0.0,0.0,0.0,0.2794497510574207,0.23657755984973236,0.2794497510574207,0.15402559481572445,0.4009365169723784,0.22865853658536586,0.2206038104296834,"[0.7, 0.41732283464566927, 0.04424778761061947, 0.15789473684210525, 0.1, 0.0]","[0.06481481481481481, 0.4690265486725664, 0.8333333333333334, 0.16666666666666666, 0.14285714285714285, 0.0]","[0.11864406779661017, 0.44166666666666665, 0.08403361344537816, 0.16216216216216217, 0.11764705882352941, 0.0]","[108, 113, 6, 36, 28, 37]","{0: 0.6829268292682927, 1: 0.5914634146341463, 2: 0.6676829268292683, 3: 0.8109756097560976, 4: 0.8170731707317073, 5: 0.8871951219512195}","{'total_batches': 8, 'valid_updates': 8, 'skipped_updates': 0, 'nonfinite_loss': 0, 'nonfinite_gradients': 0, 'skip_ratio': 0.0, 'is_valid_epoch': True, 'first_bad_parameter': None, 'max_gradient_norm': 2.99127459526062, 'min_gradient_norm': 1.059320330619812, 'gradient_nan_elements': 0, 'gradient_inf_elements': 0, 'stability_status': 'healthy', 'stability_skip_ratio': 0.0}",True,45.347843170166016,1.3658146858215332,live,0.22865853658536586,0.2330407671861805,0.22893023220032038,True,0.12176881384198454,True,[],['class_never_predicted'],[],0,[]
46,8,368,1.0699021408700535,1.0699021408700535,1.0730104110179803,0.0,0.0,0.0,0.0,0.31196581196581197,0.0009319617085964176,1.6293726861476898,1432.453125,9.41259503364563,1.178840102219,1.178840102219,0.0,0.0,0.0,0.2968143027140077,0.23638810219616202,0.2968143027140077,0.2297393465478572,0.3229559136647329,0.27134146341463417,0.2593470486873445,"[0.4188034188034188, 0.39285714285714285, 0.16666666666666666, 0.22413793103448276, 0.08333333333333333, 0.13253012048192772]","[0.4537037037037037, 0.09734513274336283, 0.5, 0.3611111111111111, 0.07142857142857142, 0.2972972972972973]","[0.43555555555555553, 0.15602836879432624, 0.25, 0.2765957446808511, 0.07692307692307693, 0.18333333333333332]","[108, 113, 6, 36, 28, 37]","{0: 0.6128048780487805, 1: 0.6371951219512195, 2: 0.9451219512195121, 3: 0.7926829268292683, 4: 0.8536585365853658, 5: 0.7012195121951219}","{'total_batches': 8, 'valid_updates': 8, 'skipped_updates': 0, 'nonfinite_loss': 0, 'nonfinite_gradients': 0, 'skip_ratio': 0.0, 'is_valid_epoch': True, 'first_bad_parameter': None, 'max_gradient_norm': 2.5944488048553467, 'min_gradient_norm': 1.0984687805175781, 'gradient_nan_elements': 0, 'gradient_inf_elements': 0, 'stability_status': 'healthy', 'stability_skip_ratio': 0.0}",True,45.385223388671875,1.205167293548584,live,0.27134146341463417,0.10893796134894651,0.1058296912010197,True,0.0406243485511778,True,[],[],[],0,[]
47,8,376,1.0334475447988918,1.0334475447988918,1.048791201196165,0.0,0.0,0.0,0.0,0.41025641025641024,0.000925497240897346,1.3565879613161087,1431.984375,9.852621793746948,1.4283590200470715,1.4283590200470715,0.0,0.0,0.0,0.26821285043998905,0.240460851536246,0.26821285043998905,0.14508136103095298,0.3787944310714834,0.14939024390243902,0.15244181445400937,"[0.5, 0.5, 0.05405405405405406, 0.12307692307692308, 0.09322033898305085, 0.1724137931034483]","[0.14814814814814814, 0.04424778761061947, 0.6666666666666666, 0.2222222222222222, 0.39285714285714285, 0.13513513513513514]","[0.22857142857142856, 0.08130081300813008, 0.1, 0.15841584158415842, 0.1506849315068493, 0.15151515151515152]","[108, 113, 6, 36, 28, 37]","{0: 0.6707317073170732, 1: 0.6554878048780488, 2: 0.7804878048780488, 3: 0.7408536585365854, 4: 0.6219512195121951, 5: 0.8292682926829268}","{'total_batches': 8, 'valid_updates': 8, 'skipped_updates': 0, 'nonfinite_loss': 0, 'nonfinite_gradients': 0, 'skip_ratio': 0.0, 'is_valid_epoch': True, 'first_bad_parameter': None, 'max_gradient_norm': 1.7066082954406738, 'min_gradient_norm': 0.9260810613632202, 'gradient_nan_elements': 0, 'gradient_inf_elements': 0, 'stability_status': 'healthy', 'stability_skip_ratio': 0.0}",True,45.427005767822266,1.026434063911438,live,0.14939024390243902,0.3949114752481797,0.3795678188509064,True,0.2608661663539712,True,[],[],[],0,[]
48,8,384,1.0826512962325006,1.0826512962325006,1.0799658104904697,0.0,0.0,0.0,0.0,0.3418803418803419,0.0009187640200210709,1.5667724311351776,1432.03271484375,9.828234672546387,1.1718496084213257,1.1718496084213257,0.0,0.0,0.0,0.2644733861548021,0.29866468253968254,0.2644733861548021,0.22744574096797576,0.3760348069105691,0.2682926829268293,0.26807514872974864,"[0.408, 0.46875, 0.2, 0.5, 0.09523809523809523, 0.12]","[0.4722222222222222, 0.13274336283185842, 0.3333333333333333, 0.1388888888888889, 0.42857142857142855, 0.08108108108108109]","[0.43776824034334766, 0.20689655172413793, 0.25, 0.21739130434782608, 0.15584415584415584, 0.0967741935483871]","[108, 113, 6, 36, 28, 37]","{0: 0.600609756097561, 1: 0.649390243902439, 2: 0.9634146341463414, 3: 0.8902439024390244, 4: 0.6036585365853658, 5: 0.8292682926829268}","{'total_batches': 8, 'valid_updates': 8, 'skipped_updates': 0, 'nonfinite_loss': 0, 'nonfinite_gradients': 0, 'skip_ratio': 0.0, 'is_valid_epoch': True, 'first_bad_parameter': None, 'max_gradient_norm': 2.146469831466675, 'min_gradient_norm': 0.8044443130493164, 'gradient_nan_elements': 0, 'gradient_inf_elements': 0, 'stability_status': 'healthy', 'stability_skip_ratio': 0.0}",True,45.46698760986328,1.09856116771698,live,0.2682926829268293,0.08919831218882512,0.09188379793085599,True,0.0735876589535126,True,[],[],[],0,[]
49,8,392,1.0990363868892703,1.0990363868892703,1.106034545816927,0.0,0.0,0.0,0.0,0.2948717948717949,0.0009117662988142137,1.7249021530151367,1432.328125,9.847627639770508,1.1910291066983851,1.1910291066983851,0.0,0.0,0.0,0.30980058229320767,0.2510646015458445,0.30980058229320767,0.20236680354839562,0.38584370013976677,0.31097560975609756,0.3222351873038986,"[0.49382716049382713, 0.5051546391752577, 0.08196721311475409, 0.09210526315789473, 0.0, 0.3333333333333333]","[0.37037037037037035, 0.4336283185840708, 0.8333333333333334, 0.19444444444444445, 0.0, 0.02702702702702703]","[0.42328042328042326, 0.4666666666666667, 0.14925373134328357, 0.125, 0.0, 0.05]","[108, 113, 6, 36, 28, 37]","{0: 0.6676829268292683, 1: 0.6585365853658537, 2: 0.8262195121951219, 3: 0.7012195121951219, 4: 0.8841463414634146, 5: 0.8841463414634146}","{'total_batches': 8, 'valid_updates': 8, 'skipped_updates': 0, 'nonfinite_loss': 0, 'nonfinite_gradients': 0, 'skip_ratio': 0.0, 'is_valid_epoch': True, 'first_bad_parameter': None, 'max_gradient_norm': 2.843562602996826, 'min_gradient_norm': 1.0911216735839844, 'gradient_nan_elements': 0, 'gradient_inf_elements': 0, 'stability_status': 'healthy', 'stability_skip_ratio': 0.0}",True,45.484188079833984,1.2171884775161743,live,0.31097560975609756,0.09199271980911483,0.08499456088145818,True,-0.01610381488430268,True,[],[],[],0,[]
50,8,400,0.994295169145633,0.994295169145633,0.9979530746101314,0.0,0.0,0.0,0.0,0.3974358974358974,0.0009045084971874737,1.255455493927002,1432.50146484375,9.842210054397583,1.297908143299382,1.297908143299382,0.0,0.0,0.0,0.2841538862925294,0.25449120741446185,0.2841538862925294,0.18913660194389725,0.40931936345134995,0.21036585365853658,0.23913231705815843,"[0.6153846153846154, 0.49122807017543857, 0.07272727272727272, 0.1, 0.10126582278481013, 0.14634146341463414]","[0.14814814814814814, 0.24778761061946902, 0.6666666666666666, 0.19444444444444445, 0.2857142857142857, 0.16216216216216217]","[0.23880597014925373, 0.32941176470588235, 0.13114754098360656, 0.1320754716981132, 0.14953271028037382, 0.15384615384615385]","[108, 113, 6, 36, 28, 37]","{0: 0.6890243902439024, 1: 0.6524390243902439, 2: 0.8384146341463414, 3: 0.7195121951219512, 4: 0.7225609756097561, 5: 0.7987804878048781}","{'total_batches': 8, 'valid_updates': 8, 'skipped_updates': 0, 'nonfinite_loss': 0, 'nonfinite_gradients': 0, 'skip_ratio': 0.0, 'is_valid_epoch': True, 'first_bad_parameter': None, 'max_gradient_norm': 1.478371500968933, 'min_gradient_norm': 0.8737232685089111, 'gradient_nan_elements': 0, 'gradient_inf_elements': 0, 'stability_status': 'healthy', 'stability_skip_ratio': 0.0}",True,45.52057647705078,0.9321110248565674,live,0.21036585365853658,0.303612974153749,0.2999550686892506,True,0.18707004377736083,True,[],[],[],0,[]
51,8,408,0.9872507702591072,0.9872507702591072,0.9921675492555667,0.0,0.0,0.0,0.0,0.41025641025641024,0.0008969951993239178,1.300613857805729,1432.453125,9.71201229095459,1.1548754616481502,1.1548754616481502,0.0,0.0,0.0,0.3260527172769061,0.22609686258372744,0.3260527172769061,0.21792957337454835,0.30203045523578803,0.3079268292682927,0.23980359395091416,"[0.42045454545454547, 0.3333333333333333, 0.17391304347826086, 0.22950819672131148, 0.07692307692307693, 0.12244897959183673]","[0.6851851851851852, 0.017699115044247787, 0.6666666666666666, 0.3888888888888889, 0.03571428571428571, 0.16216216216216217]","[0.5211267605633803, 0.03361344537815126, 0.27586206896551724, 0.28865979381443296, 0.04878048780487805, 0.13953488372093023]","[108, 113, 6, 36, 28, 37]","{0: 0.5853658536585366, 1: 0.649390243902439, 2: 0.9359756097560976, 3: 0.7896341463414634, 4: 0.8810975609756098, 5: 0.774390243902439}","{'total_batches': 8, 'valid_updates': 8, 'skipped_updates': 0, 'nonfinite_loss': 0, 'nonfinite_gradients': 0, 'skip_ratio': 0.0, 'is_valid_epoch': True, 'first_bad_parameter': None, 'max_gradient_norm': 2.5532751083374023, 'min_gradient_norm': 0.7701799869537354, 'gradient_nan_elements': 0, 'gradient_inf_elements': 0, 'stability_status': 'healthy', 'stability_skip_ratio': 0.0}",True,45.5594367980957,0.9043624401092529,live,0.3079268292682927,0.167624691389043,0.16270791239258353,True,0.10232958098811756,True,[],[],[],0,[]
52,8,416,1.0026573228020954,1.0026573228020954,1.0069081844427648,0.0,0.0,0.0,0.0,0.38461538461538464,0.0008892311507835117,1.357253223657608,1431.984375,9.81464695930481,1.326097104607559,1.326097104607559,0.0,0.0,0.0,0.33682333829826455,0.2773692229093546,0.33682333829826455,0.21098031501364764,0.43015504495343937,0.2530487804878049,0.28033118702358406,"[0.6578947368421053, 0.47692307692307695, 0.06329113924050633, 0.1518987341772152, 0.14754098360655737, 0.16666666666666666]","[0.23148148148148148, 0.2743362831858407, 0.8333333333333334, 0.3333333333333333, 0.32142857142857145, 0.02702702702702703]","[0.3424657534246575, 0.34831460674157305, 0.11764705882352941, 0.20869565217391303, 0.20224719101123595, 0.046511627906976744]","[108, 113, 6, 36, 28, 37]","{0: 0.7073170731707317, 1: 0.6463414634146342, 2: 0.7713414634146342, 3: 0.7225609756097561, 4: 0.7835365853658537, 5: 0.875}","{'total_batches': 8, 'valid_updates': 8, 'skipped_updates': 0, 'nonfinite_loss': 0, 'nonfinite_gradients': 0, 'skip_ratio': 0.0, 'is_valid_epoch': True, 'first_bad_parameter': None, 'max_gradient_norm': 1.8596699237823486, 'min_gradient_norm': 1.1182432174682617, 'gradient_nan_elements': 0, 'gradient_inf_elements': 0, 'stability_status': 'healthy', 'stability_skip_ratio': 0.0}",True,45.608158111572266,0.9756065011024475,live,0.2530487804878049,0.3234397818054635,0.31918892016479417,True,0.13156660412757976,True,[],[],[],0,[]
53,8,424,0.9857564838523538,0.9857564838523538,0.9945070677333407,0.0,0.0,0.0,0.0,0.3803418803418803,0.000881221255505724,1.3296228125691414,1432.03271484375,9.702073574066162,1.1054219850679723,1.1054219850679723,0.0,0.0,0.0,0.3486986776072322,0.3382538463927504,0.3486986776072322,0.2720660214339828,0.4258822648552079,0.31402439024390244,0.31882491269178376,"[0.45454545454545453, 0.5128205128205128, 0.16666666666666666, 0.5555555555555556, 0.10309278350515463, 0.23684210526315788]","[0.5092592592592593, 0.17699115044247787, 0.6666666666666666, 0.1388888888888889, 0.35714285714285715, 0.24324324324324326]","[0.48034934497816595, 0.2631578947368421, 0.26666666666666666, 0.2222222222222222, 0.16, 0.24]","[108, 113, 6, 36, 28, 37]","{0: 0.6371951219512195, 1: 0.6585365853658537, 2: 0.9329268292682927, 3: 0.8932926829268293, 4: 0.6798780487804879, 5: 0.8262195121951219}","{'total_batches': 8, 'valid_updates': 8, 'skipped_updates': 0, 'nonfinite_loss': 0, 'nonfinite_gradients': 0, 'skip_ratio': 0.0, 'is_valid_epoch': True, 'first_bad_parameter': None, 'max_gradient_norm': 1.9784834384918213, 'min_gradient_norm': 0.6894195675849915, 'gradient_nan_elements': 0, 'gradient_inf_elements': 0, 'stability_status': 'healthy', 'stability_skip_ratio': 0.0}",True,45.65980529785156,1.0817077159881592,live,0.31402439024390244,0.11966550121561847,0.11091491733463155,True,0.06631749009797788,True,[],[],[],0,[]
54,8,432,1.0237091051207647,1.0237091051207647,1.0316056848591209,0.0,0.0,0.0,0.0,0.4188034188034188,0.0008729705727120911,1.4175772666931152,1432.328125,9.863539695739746,1.1741557877238205,1.1741557877238205,0.0,0.0,0.0,0.32925698559916855,0.22739345603705674,0.32925698559916855,0.22432634579511845,0.3172893041270859,0.2774390243902439,0.24611452793462826,"[0.4084507042253521, 0.42857142857142855, 0.25, 0.2318840579710145, 0.0, 0.045454545454545456]","[0.5370370370370371, 0.07964601769911504, 0.8333333333333334, 0.4444444444444444, 0.0, 0.08108108108108109]","[0.464, 0.13432835820895522, 0.38461538461538464, 0.3047619047619048, 0.0, 0.05825242718446602]","[108, 113, 6, 36, 28, 37]","{0: 0.5914634146341463, 1: 0.6463414634146342, 2: 0.9512195121951219, 3: 0.7774390243902439, 4: 0.8841463414634146, 5: 0.7042682926829268}","{'total_batches': 8, 'valid_updates': 8, 'skipped_updates': 0, 'nonfinite_loss': 0, 'nonfinite_gradients': 0, 'skip_ratio': 0.0, 'is_valid_epoch': True, 'first_bad_parameter': None, 'max_gradient_norm': 1.8362826108932495, 'min_gradient_norm': 0.9821048974990845, 'gradient_nan_elements': 0, 'gradient_inf_elements': 0, 'stability_status': 'healthy', 'stability_skip_ratio': 0.0}",True,45.69160842895508,0.8638413548469543,live,0.2774390243902439,0.15044668260305571,0.1425501028646996,True,0.1413643944131749,True,[],[],[],0,[]
55,8,440,1.0416717926661174,1.0416717926661174,1.0605355037583246,0.0,0.0,0.0,0.0,0.38461538461538464,0.0008644843137107057,1.4882179722189903,1432.50146484375,9.693881511688232,1.1940875402311,1.1940875402311,0.0,0.0,0.0,0.3299534785522986,0.28469324662116424,0.3299534785522986,0.25835887415071407,0.4072709323801164,0.3201219512195122,0.33409031808759587,"[0.543859649122807, 0.4782608695652174, 0.1, 0.19318181818181818, 0.14285714285714285, 0.25]","[0.28703703703703703, 0.3893805309734513, 0.5, 0.4722222222222222, 0.25, 0.08108108108108109]","[0.37575757575757573, 0.4292682926829268, 0.16666666666666666, 0.27419354838709675, 0.18181818181818182, 0.12244897959183673]","[108, 113, 6, 36, 28, 37]","{0: 0.6859756097560976, 1: 0.6432926829268293, 2: 0.9085365853658537, 3: 0.725609756097561, 4: 0.8079268292682927, 5: 0.8689024390243902}","{'total_batches': 8, 'valid_updates': 8, 'skipped_updates': 0, 'nonfinite_loss': 0, 'nonfinite_gradients': 0, 'skip_ratio': 0.0, 'is_valid_epoch': True, 'first_bad_parameter': None, 'max_gradient_norm': 2.8712408542633057, 'min_gradient_norm': 0.9356539845466614, 'gradient_nan_elements': 0, 'gradient_inf_elements': 0, 'stability_status': 'healthy', 'stability_skip_ratio': 0.0}",True,45.7129020690918,0.8865475654602051,live,0.3201219512195122,0.15241574756498255,0.13355203647277536,True,0.06449343339587243,True,[],[],[],0,[]
56,8,448,0.9929004591754359,0.9929004591754359,0.995766109890408,0.0,0.0,0.0,0.0,0.405982905982906,0.0008557678386046428,1.4871527627110481,1432.453125,9.852591276168823,1.3827140738324422,1.3827140738324422,0.0,0.0,0.0,0.35345928524394604,0.26796791793658786,0.35345928524394604,0.2179155322934354,0.3887696079793841,0.24085365853658536,0.2346410516161839,"[0.45121951219512196, 0.5384615384615384, 0.09433962264150944, 0.15463917525773196, 0.20588235294117646, 0.16326530612244897]","[0.3425925925925926, 0.061946902654867256, 0.8333333333333334, 0.4166666666666667, 0.25, 0.21621621621621623]","[0.3894736842105263, 0.1111111111111111, 0.1694915254237288, 0.22556390977443608, 0.22580645161290322, 0.18604651162790697]","[108, 113, 6, 36, 28, 37]","{0: 0.6463414634146342, 1: 0.6585365853658537, 2: 0.850609756097561, 3: 0.6859756097560976, 4: 0.8536585365853658, 5: 0.7865853658536586}","{'total_batches': 8, 'valid_updates': 8, 'skipped_updates': 0, 'nonfinite_loss': 0, 'nonfinite_gradients': 0, 'skip_ratio': 0.0, 'is_valid_epoch': True, 'first_bad_parameter': None, 'max_gradient_norm': 2.7022268772125244, 'min_gradient_norm': 0.8075405955314636, 'gradient_nan_elements': 0, 'gradient_inf_elements': 0, 'stability_status': 'healthy', 'stability_skip_ratio': 0.0}",True,45.761192321777344,0.9100009799003601,live,0.24085365853658536,0.38981361465700626,0.3869479639420341,True,0.16512924744632063,True,[],[],[],0,[]
57,8,456,0.980750238793528,0.980750238793528,0.9847734259743975,0.0,0.0,0.0,0.0,0.44017094017094016,0.0008468266529064025,1.3328135162591934,1431.984375,9.865931272506714,1.3411781962324933,1.3411781962324933,0.0,0.0,0.0,0.3280806617827267,0.2650829571020648,0.3280806617827267,0.21394555367867518,0.4135201277403999,0.24390243902439024,0.27284650624889845,"[0.5666666666666667, 0.5294117647058824, 0.06578947368421052, 0.10638297872340426, 0.17073170731707318, 0.15151515151515152]","[0.1574074074074074, 0.3185840707964602, 0.8333333333333334, 0.1388888888888889, 0.25, 0.2702702702702703]","[0.2463768115942029, 0.39779005524861877, 0.12195121951219512, 0.12048192771084337, 0.2028985507246377, 0.1941747572815534]","[108, 113, 6, 36, 28, 37]","{0: 0.6829268292682927, 1: 0.6676829268292683, 2: 0.7804878048780488, 3: 0.7774390243902439, 4: 0.8323170731707317, 5: 0.7469512195121951}","{'total_batches': 8, 'valid_updates': 8, 'skipped_updates': 0, 'nonfinite_loss': 0, 'nonfinite_gradients': 0, 'skip_ratio': 0.0, 'is_valid_epoch': True, 'first_bad_parameter': None, 'max_gradient_norm': 2.2419676780700684, 'min_gradient_norm': 0.7996092438697815, 'gradient_nan_elements': 0, 'gradient_inf_elements': 0, 'stability_status': 'healthy', 'stability_skip_ratio': 0.0}",True,45.79595184326172,0.8428087830543518,live,0.24390243902439024,0.3604279574389654,0.3564047702580958,True,0.19626850114654992,True,[],[],[],0,[]
58,8,464,0.9639143740010058,0.9639143740010058,0.9663778380451039,0.0,0.0,0.0,0.0,0.43162393162393164,0.0008376664040605122,1.2882846593856812,1432.03271484375,9.832361221313477,1.2791875804342874,1.2791875804342874,0.0,0.0,0.0,0.35219274267946826,0.26637858920467616,0.35219274267946826,0.24040789583651648,0.4062007076521923,0.3018292682926829,0.32311948359384285,"[0.6, 0.4673913043478261, 0.07936507936507936, 0.2, 0.15151515151515152, 0.1]","[0.2777777777777778, 0.3805309734513274, 0.8333333333333334, 0.3888888888888889, 0.17857142857142858, 0.05405405405405406]","[0.379746835443038, 0.4195121951219512, 0.14492753623188406, 0.2641509433962264, 0.16393442622950818, 0.07017543859649122]","[108, 113, 6, 36, 28, 37]","{0: 0.7012195121951219, 1: 0.6371951219512195, 2: 0.8201219512195121, 3: 0.7621951219512195, 4: 0.8445121951219512, 5: 0.8384146341463414}","{'total_batches': 8, 'valid_updates': 8, 'skipped_updates': 0, 'nonfinite_loss': 0, 'nonfinite_gradients': 0, 'skip_ratio': 0.0, 'is_valid_epoch': True, 'first_bad_parameter': None, 'max_gradient_norm': 2.2712574005126953, 'min_gradient_norm': 0.9008126258850098, 'gradient_nan_elements': 0, 'gradient_inf_elements': 0, 'stability_status': 'healthy', 'stability_skip_ratio': 0.0}",True,45.82346725463867,0.8283711671829224,live,0.3018292682926829,0.3152732064332816,0.31280974238918346,True,0.12979466333124873,True,[],[],[],0,[]
59,8,472,0.9519759763000358,0.9519759763000358,0.9482533880788037,0.0,0.0,0.0,0.0,0.44017094017094016,0.0008282928778764782,1.354795902967453,1432.328125,9.821341276168823,1.0740139309952899,1.0740139309952899,0.0,0.0,0.0,0.3670785724620533,0.2933771579556395,0.3670785724620533,0.29372411901823664,0.42551858095668516,0.4024390243902439,0.4057936360626461,"[0.5221238938053098, 0.5604395604395604, 0.12121212121212122, 0.28205128205128205, 0.13157894736842105, 0.14285714285714285]","[0.5462962962962963, 0.45132743362831856, 0.6666666666666666, 0.3055555555555556, 0.17857142857142858, 0.05405405405405406]","[0.5339366515837104, 0.5, 0.20512820512820512, 0.29333333333333333, 0.15151515151515152, 0.0784313725490196]","[108, 113, 6, 36, 28, 37]","{0: 0.6859756097560976, 1: 0.6890243902439024, 2: 0.9054878048780488, 3: 0.8384146341463414, 4: 0.8292682926829268, 5: 0.8567073170731707}","{'total_batches': 8, 'valid_updates': 8, 'skipped_updates': 0, 'nonfinite_loss': 0, 'nonfinite_gradients': 0, 'skip_ratio': 0.0, 'is_valid_epoch': True, 'first_bad_parameter': None, 'max_gradient_norm': 1.8436566591262817, 'min_gradient_norm': 1.1402459144592285, 'gradient_nan_elements': 0, 'gradient_inf_elements': 0, 'stability_status': 'healthy', 'stability_skip_ratio': 0.0}",True,45.852821350097656,0.8281365633010864,live,0.4024390243902439,0.12203795469525403,0.1257605429164862,True,0.037731915780696235,True,[],[],[],0,[]
60,8,480,0.9477892971446371,0.9477892971446371,0.9637107665722187,0.0,0.0,0.0,0.0,0.4444444444444444,0.0008187119948743449,1.155390925705433,1432.50146484375,9.84282374382019,1.3857308946004727,1.3857308946004727,0.0,0.0,0.0,0.32119545799486804,0.28549736082630817,0.32119545799486804,0.2181454874918269,0.44771160856687164,0.23170731707317074,0.2582748599310113,"[0.6060606060606061, 0.5789473684210527, 0.08333333333333333, 0.19047619047619047, 0.0875, 0.16666666666666666]","[0.18518518518518517, 0.19469026548672566, 0.6666666666666666, 0.3333333333333333, 0.25, 0.2972972972972973]","[0.28368794326241137, 0.2913907284768212, 0.14814814814814814, 0.24242424242424243, 0.12962962962962962, 0.21359223300970873]","[108, 113, 6, 36, 28, 37]","{0: 0.6920731707317073, 1: 0.6737804878048781, 2: 0.8597560975609756, 3: 0.7713414634146342, 4: 0.7134146341463414, 5: 0.7530487804878049}","{'total_batches': 8, 'valid_updates': 8, 'skipped_updates': 0, 'nonfinite_loss': 0, 'nonfinite_gradients': 0, 'skip_ratio': 0.0, 'is_valid_epoch': True, 'first_bad_parameter': None, 'max_gradient_norm': 1.6678729057312012, 'min_gradient_norm': 0.7918409705162048, 'gradient_nan_elements': 0, 'gradient_inf_elements': 0, 'stability_status': 'healthy', 'stability_skip_ratio': 0.0}",True,45.89554214477539,0.864728569984436,live,0.23170731707317074,0.4379415974558356,0.42202012802825406,True,0.21273712737127368,True,[],[],[],0,[]
61,8,488,0.9575168454748952,0.9575168454748952,0.9712552606550038,0.0,0.0,0.0,0.0,0.41025641025641024,0.0008089298065451672,1.3908331245183945,1432.453125,9.778522253036499,1.095353545212164,1.095353545212164,0.0,0.0,0.0,0.3974564535036511,0.27239547832359945,0.3974564535036511,0.2808287419219366,0.4112367573831759,0.39634146341463417,0.396924727072258,"[0.5849056603773585, 0.4948453608247423, 0.14285714285714285, 0.29411764705882354, 0.0, 0.11764705882352941]","[0.5740740740740741, 0.4247787610619469, 1.0, 0.2777777777777778, 0.0, 0.10810810810810811]","[0.5794392523364486, 0.45714285714285713, 0.25, 0.2857142857142857, 0.0, 0.11267605633802817]","[108, 113, 6, 36, 28, 37]","{0: 0.725609756097561, 1: 0.6524390243902439, 2: 0.8902439024390244, 3: 0.8475609756097561, 4: 0.8689024390243902, 5: 0.8079268292682927}","{'total_batches': 8, 'valid_updates': 8, 'skipped_updates': 0, 'nonfinite_loss': 0, 'nonfinite_gradients': 0, 'skip_ratio': 0.0, 'is_valid_epoch': True, 'first_bad_parameter': None, 'max_gradient_norm': 3.0452115535736084, 'min_gradient_norm': 0.8031497597694397, 'gradient_nan_elements': 0, 'gradient_inf_elements': 0, 'stability_status': 'healthy', 'stability_skip_ratio': 0.0}",True,45.91835021972656,1.0779205560684204,live,0.39634146341463417,0.13783669973726886,0.12409828455716032,True,0.013914946841776077,True,[],[],[],0,[]
62,8,496,0.9433398954888694,0.9433398954888694,0.9316562663795601,0.0,0.0,0.0,0.0,0.41025641025641024,0.0007989524915287594,1.3790568932890892,1431.984375,9.693114280700684,1.0933430194854736,1.0933430194854736,0.0,0.0,0.0,0.3258274604144811,0.27690341697837945,0.3258274604144811,0.26632862559650106,0.4187721937257536,0.3719512195121951,0.36284480757611737,"[0.4533333333333333, 0.64, 0.13043478260869565, 0.2777777777777778, 0.06896551724137931, 0.09090909090909091]","[0.6296296296296297, 0.2831858407079646, 0.5, 0.4166666666666667, 0.07142857142857142, 0.05405405405405406]","[0.5271317829457365, 0.39263803680981596, 0.20689655172413793, 0.3333333333333333, 0.07017543859649122, 0.06779661016949153]","[108, 113, 6, 36, 28, 37]","{0: 0.6280487804878049, 1: 0.698170731707317, 2: 0.9298780487804879, 3: 0.8170731707317073, 4: 0.8384146341463414, 5: 0.8323170731707317}","{'total_batches': 8, 'valid_updates': 8, 'skipped_updates': 0, 'nonfinite_loss': 0, 'nonfinite_gradients': 0, 'skip_ratio': 0.0, 'is_valid_epoch': True, 'first_bad_parameter': None, 'max_gradient_norm': 1.8729057312011719, 'min_gradient_norm': 0.9327444434165955, 'gradient_nan_elements': 0, 'gradient_inf_elements': 0, 'stability_status': 'healthy', 'stability_skip_ratio': 0.0}",True,45.92546844482422,0.9348415732383728,live,0.3719512195121951,0.1500031239966042,0.16168675310591352,True,0.03830519074421512,True,[],[],[],0,[]
63,8,504,0.9523749677543967,0.9523749677543967,0.9745166841735188,0.0,0.0,0.0,0.0,0.405982905982906,0.0007887863517111338,1.4546141251921654,1432.03271484375,9.8795747756958,1.4442029929742581,1.4442029929742581,0.0,0.0,0.0,0.3519216646060304,0.31065720525959933,0.3519216646060304,0.22550128111870663,0.45727282402935054,0.21951219512195122,0.24543489083835243,"[0.53125, 0.6206896551724138, 0.0625, 0.38235294117647056, 0.1724137931034483, 0.09473684210526316]","[0.1574074074074074, 0.1592920353982301, 0.8333333333333334, 0.3611111111111111, 0.35714285714285715, 0.24324324324324326]","[0.24285714285714285, 0.2535211267605634, 0.11627906976744186, 0.37142857142857144, 0.23255813953488372, 0.13636363636363635]","[108, 113, 6, 36, 28, 37]","{0: 0.676829268292683, 1: 0.676829268292683, 2: 0.7682926829268293, 3: 0.8658536585365854, 4: 0.7987804878048781, 5: 0.6524390243902439}","{'total_batches': 8, 'valid_updates': 8, 'skipped_updates': 0, 'nonfinite_loss': 0, 'nonfinite_gradients': 0, 'skip_ratio': 0.0, 'is_valid_epoch': True, 'first_bad_parameter': None, 'max_gradient_norm': 3.486625909805298, 'min_gradient_norm': 0.8687250018119812, 'gradient_nan_elements': 0, 'gradient_inf_elements': 0, 'stability_status': 'healthy', 'stability_skip_ratio': 0.0}",True,45.947776794433594,0.9747492074966431,live,0.21951219512195122,0.49182802521986146,0.46968630880073936,True,0.18647071086095476,True,[],[],[],0,[]
64,8,512,0.9447906475800735,0.9447906475800735,0.938973833862533,0.0,0.0,0.0,0.0,0.42735042735042733,0.000778437808244094,1.2669017687439919,1432.328125,9.457669734954834,1.2417865846215226,1.2417865846215226,0.0,0.0,0.0,0.29604757517736874,0.2960297134351508,0.29604757517736874,0.24724643709792227,0.4598351571788261,0.31097560975609756,0.31663430146284527,"[0.48936170212765956, 0.7037037037037037, 0.05555555555555555, 0.2716049382716049, 0.125, 0.13095238095238096]","[0.42592592592592593, 0.168141592920354, 0.16666666666666666, 0.6111111111111112, 0.10714285714285714, 0.2972972972972973]","[0.45544554455445546, 0.2714285714285714, 0.08333333333333333, 0.37606837606837606, 0.11538461538461539, 0.18181818181818182]","[108, 113, 6, 36, 28, 37]","{0: 0.6646341463414634, 1: 0.6890243902439024, 2: 0.9329268292682927, 3: 0.7774390243902439, 4: 0.8597560975609756, 5: 0.698170731707317}","{'total_batches': 8, 'valid_updates': 8, 'skipped_updates': 0, 'nonfinite_loss': 0, 'nonfinite_gradients': 0, 'skip_ratio': 0.0, 'is_valid_epoch': True, 'first_bad_parameter': None, 'max_gradient_norm': 1.6782275438308716, 'min_gradient_norm': 0.9710257649421692, 'gradient_nan_elements': 0, 'gradient_inf_elements': 0, 'stability_status': 'healthy', 'stability_skip_ratio': 0.0}",True,45.97197341918945,0.8946831822395325,live,0.31097560975609756,0.2969959370414491,0.3028127507589896,True,0.11637481759432977,True,[],[],[],0,[]
65,8,520,0.9738129499631051,0.9738129499631051,0.9864533370376652,0.0,0.0,0.0,0.0,0.41025641025641024,0.0007679133974894983,1.3922565504908562,1432.50146484375,9.843671083450317,1.156827193934743,1.156827193934743,0.0,0.0,0.0,0.3437838386215967,0.28959315304738525,0.3437838386215967,0.25476112224242115,0.40790191789672603,0.3475609756097561,0.34549244419118,"[0.5283018867924528, 0.4728682170542636, 0.0975609756097561, 0.22857142857142856, 0.07692307692307693, 0.3333333333333333]","[0.25925925925925924, 0.5398230088495575, 0.6666666666666666, 0.4444444444444444, 0.07142857142857142, 0.08108108108108109]","[0.34782608695652173, 0.5041322314049587, 0.1702127659574468, 0.3018867924528302, 0.07407407407407407, 0.13043478260869565]","[108, 113, 6, 36, 28, 37]","{0: 0.6798780487804879, 1: 0.6341463414634146, 2: 0.8810975609756098, 3: 0.774390243902439, 4: 0.8475609756097561, 5: 0.8780487804878049}","{'total_batches': 8, 'valid_updates': 8, 'skipped_updates': 0, 'nonfinite_loss': 0, 'nonfinite_gradients': 0, 'skip_ratio': 0.0, 'is_valid_epoch': True, 'first_bad_parameter': None, 'max_gradient_norm': 1.838800311088562, 'min_gradient_norm': 0.9399200081825256, 'gradient_nan_elements': 0, 'gradient_inf_elements': 0, 'stability_status': 'healthy', 'stability_skip_ratio': 0.0}",True,45.977027893066406,0.752787709236145,live,0.3475609756097561,0.1830142439716379,0.17037385689707774,True,0.06269543464665417,True,[],[],[],0,[]
66,8,528,0.914684606413556,0.914684606413556,0.9196317705333742,0.0,0.0,0.0,0.0,0.4188034188034188,0.0007572197668907532,1.3648995384573936,1432.453125,9.717631816864014,1.228825717437558,1.228825717437558,0.0,0.0,0.0,0.40779622859268877,0.34322097296567994,0.40779622859268877,0.2793824929062349,0.4828921946878886,0.31097560975609756,0.3219473624128481,"[0.5060240963855421, 0.6785714285714286, 0.10416666666666667, 0.3888888888888889, 0.1875, 0.1941747572815534]","[0.3888888888888889, 0.168141592920354, 0.8333333333333334, 0.19444444444444445, 0.32142857142857145, 0.5405405405405406]","[0.4397905759162304, 0.2695035460992908, 0.18518518518518517, 0.25925925925925924, 0.23684210526315788, 0.2857142857142857]","[108, 113, 6, 36, 28, 37]","{0: 0.6737804878048781, 1: 0.6859756097560976, 2: 0.8658536585365854, 3: 0.8780487804878049, 4: 0.823170731707317, 5: 0.6951219512195121}","{'total_batches': 8, 'valid_updates': 8, 'skipped_updates': 0, 'nonfinite_loss': 0, 'nonfinite_gradients': 0, 'skip_ratio': 0.0, 'is_valid_epoch': True, 'first_bad_parameter': None, 'max_gradient_norm': 2.111873149871826, 'min_gradient_norm': 0.7121094465255737, 'gradient_nan_elements': 0, 'gradient_inf_elements': 0, 'stability_status': 'healthy', 'stability_skip_ratio': 0.0}",True,46.00730895996094,0.8202446103096008,live,0.31097560975609756,0.3141411110240021,0.3091939469041839,True,0.10782780904732125,True,[],[],[],0,[]
67,8,536,0.8798314506172115,0.8798314506172115,0.8851446972952949,0.0,0.0,0.0,0.0,0.4658119658119658,0.0007463636707741458,1.3361236304044724,1431.984375,9.76920461654663,1.206414810041102,1.206414810041102,0.0,0.0,0.0,0.38813513260415916,0.3010882981032235,0.38813513260415916,0.2755911932549327,0.433437529282997,0.3201219512195122,0.33684264123780916,"[0.4945054945054945, 0.5952380952380952, 0.1, 0.2857142857142857, 0.18181818181818182, 0.14925373134328357]","[0.4166666666666667, 0.22123893805309736, 0.8333333333333334, 0.4444444444444444, 0.14285714285714285, 0.2702702702702703]","[0.45226130653266333, 0.3225806451612903, 0.17857142857142858, 0.34782608695652173, 0.16, 0.19230769230769232]","[108, 113, 6, 36, 28, 37]","{0: 0.6676829268292683, 1: 0.6798780487804879, 2: 0.8597560975609756, 3: 0.8170731707317073, 4: 0.8719512195121951, 5: 0.7439024390243902}","{'total_batches': 8, 'valid_updates': 8, 'skipped_updates': 0, 'nonfinite_loss': 0, 'nonfinite_gradients': 0, 'skip_ratio': 0.0, 'is_valid_epoch': True, 'first_bad_parameter': None, 'max_gradient_norm': 2.8605003356933594, 'min_gradient_norm': 0.6791809797286987, 'gradient_nan_elements': 0, 'gradient_inf_elements': 0, 'stability_status': 'healthy', 'stability_skip_ratio': 0.0}",True,46.02725601196289,0.6973175406455994,live,0.3201219512195122,0.3265833594238906,0.3212701127458072,True,0.14569001459245362,True,[],[],[],0,[]
68,8,544,0.8538719028489202,0.8538719028489202,0.8493476285893693,0.0,0.0,0.0,0.0,0.4700854700854701,0.0007353519660826664,1.2624551579356194,1432.03271484375,9.784234762191772,1.2286423531974233,1.2286423531974233,0.0,0.0,0.0,0.4060533879855414,0.33468005806652307,0.4060533879855414,0.29954451994203796,0.5027605729601197,0.35060975609756095,0.3857375220208554,"[0.7, 0.6027397260273972, 0.1, 0.25, 0.1724137931034483, 0.18292682926829268]","[0.32407407407407407, 0.3893805309734513, 0.8333333333333334, 0.3055555555555556, 0.17857142857142858, 0.40540540540540543]","[0.4430379746835443, 0.4731182795698925, 0.17857142857142858, 0.275, 0.17543859649122806, 0.25210084033613445]","[108, 113, 6, 36, 28, 37]","{0: 0.7317073170731707, 1: 0.7012195121951219, 2: 0.8597560975609756, 3: 0.823170731707317, 4: 0.8567073170731707, 5: 0.7286585365853658}","{'total_batches': 8, 'valid_updates': 8, 'skipped_updates': 0, 'nonfinite_loss': 0, 'nonfinite_gradients': 0, 'skip_ratio': 0.0, 'is_valid_epoch': True, 'first_bad_parameter': None, 'max_gradient_norm': 2.1083872318267822, 'min_gradient_norm': 0.9757745862007141, 'gradient_nan_elements': 0, 'gradient_inf_elements': 0, 'stability_status': 'healthy', 'stability_skip_ratio': 0.0}",True,46.06044006347656,0.7137688398361206,live,0.35060975609756095,0.3747704503485031,0.379294724608054,True,0.11947571398790913,True,[],[],[],0,[]
69,8,552,0.8245487121435312,0.8245487121435312,0.8355553567918956,0.0,0.0,0.0,0.0,0.43162393162393164,0.0007241916080450163,1.0425357297062874,1432.328125,9.801830053329468,1.2821935618795999,1.2821935618795999,0.0,0.0,0.0,0.3110283692879563,0.27475604288844124,0.3110283692879563,0.22611148381876575,0.4341819527076093,0.27439024390243905,0.30958342801903216,"[0.725, 0.4367816091954023, 0.0625, 0.10810810810810811, 0.13432835820895522, 0.18181818181818182]","[0.26851851851851855, 0.336283185840708, 0.6666666666666666, 0.1111111111111111, 0.32142857142857145, 0.16216216216216217]","[0.3918918918918919, 0.38, 0.11428571428571428, 0.1095890410958904, 0.18947368421052632, 0.17142857142857143]","[108, 113, 6, 36, 28, 37]","{0: 0.725609756097561, 1: 0.6219512195121951, 2: 0.8109756097560976, 3: 0.801829268292683, 4: 0.7652439024390244, 5: 0.823170731707317}","{'total_batches': 8, 'valid_updates': 8, 'skipped_updates': 0, 'nonfinite_loss': 0, 'nonfinite_gradients': 0, 'skip_ratio': 0.0, 'is_valid_epoch': True, 'first_bad_parameter': None, 'max_gradient_norm': 1.9166901111602783, 'min_gradient_norm': 0.7164698243141174, 'gradient_nan_elements': 0, 'gradient_inf_elements': 0, 'stability_status': 'healthy', 'stability_skip_ratio': 0.0}",True,46.09690856933594,0.7179495692253113,live,0.27439024390243905,0.45764484973606867,0.44663820508770424,True,0.1572336877214926,True,[],[],[],0,[]
70,8,560,0.8839627504348755,0.8839627504348755,0.8978573333503853,0.0,0.0,0.0,0.0,0.4444444444444444,0.0007128896457825364,1.478746421635151,1432.50146484375,9.666805505752563,1.060336363024828,1.060336363024828,0.0,0.0,0.0,0.32380352328729906,0.30369067119541504,0.32380352328729906,0.2950485754304343,0.43696038563905454,0.39634146341463417,0.40463347329676763,"[0.5403225806451613, 0.5555555555555556, 0.1, 0.34615384615384615, 0.13725490196078433, 0.14285714285714285]","[0.6203703703703703, 0.35398230088495575, 0.3333333333333333, 0.25, 0.25, 0.13513513513513514]","[0.5775862068965517, 0.43243243243243246, 0.15384615384615385, 0.2903225806451613, 0.17721518987341772, 0.1388888888888889]","[108, 113, 6, 36, 28, 37]","{0: 0.7012195121951219, 1: 0.6798780487804879, 2: 0.9329268292682927, 3: 0.8658536585365854, 4: 0.801829268292683, 5: 0.8109756097560976}","{'total_batches': 8, 'valid_updates': 8, 'skipped_updates': 0, 'nonfinite_loss': 0, 'nonfinite_gradients': 0, 'skip_ratio': 0.0, 'is_valid_epoch': True, 'first_bad_parameter': None, 'max_gradient_norm': 1.9799656867980957, 'min_gradient_norm': 0.914614200592041, 'gradient_nan_elements': 0, 'gradient_inf_elements': 0, 'stability_status': 'healthy', 'stability_skip_ratio': 0.0}",True,46.10456848144531,0.7270411849021912,live,0.39634146341463417,0.17637361258995243,0.1624790296744426,True,0.048102981029810254,True,[],[],[],0,[]
71,8,568,0.8916298079694438,0.8916298079694438,0.9009017327911834,0.0,0.0,0.0,0.0,0.4358974358974359,0.0007014532178568313,1.5899704545736313,1432.453125,9.8726966381073,1.4134443329601754,1.4134443329601754,0.0,0.0,0.0,0.3535516131386338,0.29290394289007726,0.3535516131386338,0.2635186202814583,0.4162625881786785,0.3018292682926829,0.32694288380615966,"[0.5245901639344263, 0.5079365079365079, 0.07547169811320754, 0.3125, 0.1875, 0.14942528735632185]","[0.2962962962962963, 0.2831858407079646, 0.6666666666666666, 0.4166666666666667, 0.10714285714285714, 0.35135135135135137]","[0.378698224852071, 0.36363636363636365, 0.13559322033898305, 0.35714285714285715, 0.13636363636363635, 0.20967741935483872]","[108, 113, 6, 36, 28, 37]","{0: 0.6798780487804879, 1: 0.6585365853658537, 2: 0.8445121951219512, 3: 0.8353658536585366, 4: 0.8841463414634146, 5: 0.7012195121951219}","{'total_batches': 8, 'valid_updates': 8, 'skipped_updates': 0, 'nonfinite_loss': 0, 'nonfinite_gradients': 0, 'skip_ratio': 0.0, 'is_valid_epoch': True, 'first_bad_parameter': None, 'max_gradient_norm': 2.591256618499756, 'min_gradient_norm': 0.9329544901847839, 'gradient_nan_elements': 0, 'gradient_inf_elements': 0, 'stability_status': 'healthy', 'stability_skip_ratio': 0.0}",True,46.114593505859375,0.6935033798217773,live,0.3018292682926829,0.5218145249907316,0.512542600168992,True,0.13406816760475299,True,[],[],[],0,[]
72,8,576,0.9025842593266413,0.9025842593266413,0.8963864690218216,0.0,0.0,0.0,0.0,0.49145299145299143,0.0006898895477609006,1.2763466611504555,1431.984375,9.713258028030396,1.15194567819921,1.15194567819921,0.0,0.0,0.0,0.38328920998537525,0.30892164134804634,0.38328920998537525,0.29609433507224664,0.45506991893031146,0.36280487804878053,0.38163046914627247,"[0.5789473684210527, 0.5769230769230769, 0.09523809523809523, 0.288135593220339, 0.11428571428571428, 0.2]","[0.5092592592592593, 0.26548672566371684, 0.6666666666666666, 0.4722222222222222, 0.14285714285714285, 0.24324324324324326]","[0.541871921182266, 0.36363636363636365, 0.16666666666666666, 0.35789473684210527, 0.12698412698412698, 0.21951219512195122]","[108, 113, 6, 36, 28, 37]","{0: 0.7164634146341463, 1: 0.6798780487804879, 2: 0.8780487804878049, 3: 0.8140243902439024, 4: 0.8323170731707317, 5: 0.8048780487804879}","{'total_batches': 8, 'valid_updates': 8, 'skipped_updates': 0, 'nonfinite_loss': 0, 'nonfinite_gradients': 0, 'skip_ratio': 0.0, 'is_valid_epoch': True, 'first_bad_parameter': None, 'max_gradient_norm': 1.6518844366073608, 'min_gradient_norm': 0.8351009488105774, 'gradient_nan_elements': 0, 'gradient_inf_elements': 0, 'stability_status': 'healthy', 'stability_skip_ratio': 0.0}",True,46.133487701416016,0.6276053786277771,live,0.3628048780487805,0.24936141887256857,0.2555592091773883,True,0.12864811340421095,True,[],[],[],0,[]
73,8,584,0.8486744598445729,0.8486744598445729,0.8560871726427323,0.0,0.0,0.0,0.0,0.4658119658119658,0.0006782059393566253,1.2372820600867271,1432.03271484375,9.68599271774292,1.0577153926942406,1.0577153926942406,0.0,0.0,0.0,0.3464664095195069,0.3091249965594592,0.3464664095195069,0.2832867220001338,0.4273948885384763,0.3567073170731707,0.3704084644020684,"[0.5538461538461539, 0.4909090909090909, 0.10344827586206896, 0.42105263157894735, 0.16049382716049382, 0.125]","[0.3333333333333333, 0.4778761061946903, 0.5, 0.2222222222222222, 0.4642857142857143, 0.08108108108108109]","[0.4161849710982659, 0.484304932735426, 0.17142857142857143, 0.2909090909090909, 0.23853211009174313, 0.09836065573770492]","[108, 113, 6, 36, 28, 37]","{0: 0.6920731707317073, 1: 0.649390243902439, 2: 0.9115853658536586, 3: 0.8810975609756098, 4: 0.7469512195121951, 5: 0.8323170731707317}","{'total_batches': 8, 'valid_updates': 8, 'skipped_updates': 0, 'nonfinite_loss': 0, 'nonfinite_gradients': 0, 'skip_ratio': 0.0, 'is_valid_epoch': True, 'first_bad_parameter': None, 'max_gradient_norm': 1.6623140573501587, 'min_gradient_norm': 0.9539676308631897, 'gradient_nan_elements': 0, 'gradient_inf_elements': 0, 'stability_status': 'healthy', 'stability_skip_ratio': 0.0}",True,46.16169357299805,0.6951695084571838,live,0.3567073170731707,0.20904093284966774,0.20162822005150838,True,0.10910464873879511,True,[],[],[],0,[]
74,8,592,0.9956235875431289,0.9956235875431289,0.9905020059683384,0.0,0.0,0.0,0.0,0.4358974358974359,0.0006664097722614933,1.8404105007648468,1432.328125,9.967622995376587,1.3702747065846512,1.3702747065846512,0.0,0.0,0.0,0.3996717956894948,0.3385115151762545,0.3996717956894948,0.28811536789803954,0.5019425266035326,0.3201219512195122,0.3357345040999905,"[0.6461538461538462, 0.6428571428571429, 0.0975609756097561, 0.25333333333333335, 0.21875, 0.1724137931034483]","[0.3888888888888889, 0.1592920353982301, 0.6666666666666666, 0.5277777777777778, 0.25, 0.40540540540540543]","[0.48554913294797686, 0.2553191489361702, 0.1702127659574468, 0.34234234234234234, 0.23333333333333334, 0.24193548387096775]","[108, 113, 6, 36, 28, 37]","{0: 0.7286585365853658, 1: 0.6798780487804879, 2: 0.8810975609756098, 3: 0.7774390243902439, 4: 0.8597560975609756, 5: 0.7134146341463414}","{'total_batches': 8, 'valid_updates': 8, 'skipped_updates': 0, 'nonfinite_loss': 0, 'nonfinite_gradients': 0, 'skip_ratio': 0.0, 'is_valid_epoch': True, 'first_bad_parameter': None, 'max_gradient_norm': 3.3669049739837646, 'min_gradient_norm': 1.0417487621307373, 'gradient_nan_elements': 0, 'gradient_inf_elements': 0, 'stability_status': 'healthy', 'stability_skip_ratio': 0.0}",True,46.172035217285156,0.7353107929229736,live,0.3201219512195122,0.3746511190415224,0.37977270061631285,True,0.1157754846779237,True,[],[],[],0,[]
75,8,600,0.9208166364930633,0.9208166364930633,0.932846811082628,0.0,0.0,0.0,0.0,0.43162393162393164,0.0006545084971874737,1.5507120788097382,1432.50146484375,9.821516275405884,1.14517907398503,1.14517907398503,0.0,0.0,0.0,0.3622646034150459,0.30768354058795233,0.3622646034150459,0.28415327888504566,0.4624463338550498,0.3445121951219512,0.37842723966797553,"[0.6176470588235294, 0.5714285714285714, 0.08888888888888889, 0.3055555555555556, 0.09375, 0.16883116883116883]","[0.3888888888888889, 0.35398230088495575, 0.6666666666666666, 0.3055555555555556, 0.10714285714285714, 0.35135135135135137]","[0.4772727272727273, 0.4371584699453552, 0.1568627450980392, 0.3055555555555556, 0.1, 0.22807017543859648]","[108, 113, 6, 36, 28, 37]","{0: 0.7195121951219512, 1: 0.6859756097560976, 2: 0.8689024390243902, 3: 0.8475609756097561, 4: 0.8353658536585366, 5: 0.7317073170731707}","{'total_batches': 8, 'valid_updates': 8, 'skipped_updates': 0, 'nonfinite_loss': 0, 'nonfinite_gradients': 0, 'skip_ratio': 0.0, 'is_valid_epoch': True, 'first_bad_parameter': None, 'max_gradient_norm': 2.1522576808929443, 'min_gradient_norm': 0.9227741956710815, 'gradient_nan_elements': 0, 'gradient_inf_elements': 0, 'stability_status': 'healthy', 'stability_skip_ratio': 0.0}",True,46.18031692504883,0.6663351058959961,live,0.3445121951219512,0.22436243749196672,0.21233226290240204,True,0.08711173650198045,True,[],[],[],0,[]
76,8,608,0.8529201185601389,0.8529201185601389,0.8573776422402798,0.0,0.0,0.0,0.0,0.4829059829059829,0.0006425096312349881,1.129053995013237,1432.453125,10.332897663116455,1.0293478645929477,1.0293478645929477,0.0,0.0,0.0,0.39670296086225293,0.3515183482463267,0.39670296086225293,0.34709203851019205,0.49226425571953436,0.42378048780487804,0.44605698311109787,"[0.5934065934065934, 0.620253164556962, 0.12, 0.39473684210526316, 0.19230769230769232, 0.18840579710144928]","[0.5, 0.4336283185840708, 0.5, 0.4166666666666667, 0.17857142857142858, 0.35135135135135137]","[0.542713567839196, 0.5104166666666666, 0.1935483870967742, 0.40540540540540543, 0.18518518518518517, 0.24528301886792453]","[108, 113, 6, 36, 28, 37]","{0: 0.7225609756097561, 1: 0.7134146341463414, 2: 0.9237804878048781, 3: 0.8658536585365854, 4: 0.8658536585365854, 5: 0.7560975609756098}","{'total_batches': 8, 'valid_updates': 8, 'skipped_updates': 0, 'nonfinite_loss': 0, 'nonfinite_gradients': 0, 'skip_ratio': 0.0, 'is_valid_epoch': True, 'first_bad_parameter': None, 'max_gradient_norm': 2.1156246662139893, 'min_gradient_norm': 0.6964321732521057, 'gradient_nan_elements': 0, 'gradient_inf_elements': 0, 'stability_status': 'healthy', 'stability_skip_ratio': 0.0}",True,46.19607925415039,0.5677498579025269,live,0.42378048780487804,0.17642774603280875,0.1719702223526679,True,0.059125495101104875,True,[],[],[],0,[]
77,8,616,0.7778005793563321,0.7778005793563321,0.7802535738700476,0.0,0.0,0.0,0.0,0.5299145299145299,0.0006304207531449486,1.1961543262004852,1431.984375,10.791169166564941,1.2494348432959579,1.2494348432959579,0.0,0.0,0.0,0.3623040444574368,0.31799930658597847,0.3623040444574368,0.28036461160141624,0.4944387165051933,0.3384146341463415,0.3818609257692926,"[0.7037037037037037, 0.5972222222222222, 0.05970149253731343, 0.2631578947368421, 0.18421052631578946, 0.1]","[0.35185185185185186, 0.3805309734513274, 0.6666666666666666, 0.4166666666666667, 0.25, 0.10810810810810811]","[0.4691358024691358, 0.4648648648648649, 0.1095890410958904, 0.3225806451612903, 0.21212121212121213, 0.1038961038961039]","[108, 113, 6, 36, 28, 37]","{0: 0.7378048780487805, 1: 0.698170731707317, 2: 0.801829268292683, 3: 0.8079268292682927, 4: 0.8414634146341463, 5: 0.7896341463414634}","{'total_batches': 8, 'valid_updates': 8, 'skipped_updates': 0, 'nonfinite_loss': 0, 'nonfinite_gradients': 0, 'skip_ratio': 0.0, 'is_valid_epoch': True, 'first_bad_parameter': None, 'max_gradient_norm': 2.0108277797698975, 'min_gradient_norm': 0.8186824321746826, 'gradient_nan_elements': 0, 'gradient_inf_elements': 0, 'stability_status': 'healthy', 'stability_skip_ratio': 0.0}",True,46.22140121459961,0.6516247987747192,live,0.3384146341463415,0.4716342639396258,0.4691812694259103,True,0.19149989576818843,True,[],[],[],0,[]
78,8,624,0.7957814565071692,0.7957814565071692,0.7946966708215892,0.0,0.0,0.0,0.0,0.49572649572649574,0.0006182494985118624,1.4472969025373459,1432.03271484375,10.009649515151978,1.0481902622595065,1.0481902622595065,0.0,0.0,0.0,0.36003818820927963,0.3042466171322796,0.36003818820927963,0.2935509615425737,0.44783695108520255,0.39634146341463417,0.41207304858255583,"[0.618421052631579, 0.5258620689655172, 0.10256410256410256, 0.3076923076923077, 0.11538461538461539, 0.15555555555555556]","[0.4351851851851852, 0.5398230088495575, 0.6666666666666666, 0.2222222222222222, 0.10714285714285714, 0.1891891891891892]","[0.5108695652173914, 0.5327510917030568, 0.17777777777777778, 0.25806451612903225, 0.1111111111111111, 0.17073170731707318]","[108, 113, 6, 36, 28, 37]","{0: 0.725609756097561, 1: 0.6737804878048781, 2: 0.8871951219512195, 3: 0.8597560975609756, 4: 0.8536585365853658, 5: 0.7926829268292683}","{'total_batches': 8, 'valid_updates': 8, 'skipped_updates': 0, 'nonfinite_loss': 0, 'nonfinite_gradients': 0, 'skip_ratio': 0.0, 'is_valid_epoch': True, 'first_bad_parameter': None, 'max_gradient_norm': 2.5369341373443604, 'min_gradient_norm': 0.8724380731582642, 'gradient_nan_elements': 0, 'gradient_inf_elements': 0, 'stability_status': 'healthy', 'stability_skip_ratio': 0.0}",True,46.230899810791016,0.6338532567024231,live,0.39634146341463417,0.25240880575233726,0.2534935914379173,True,0.09938503231186158,True,[],[],[],0,[]
79,8,632,0.7594487952370929,0.7594487952370929,0.7582154574557247,0.0,0.0,0.0,0.0,0.5213675213675214,0.0006060035549610275,1.1831684559583664,1432.328125,9.341652870178223,1.1981192216640566,1.1981192216640566,0.0,0.0,0.0,0.38983610665026597,0.3281732552242233,0.38983610665026597,0.30624906877616503,0.4871724909263771,0.3597560975609756,0.3934122372210451,"[0.6428571428571429, 0.6065573770491803, 0.09302325581395349, 0.2830188679245283, 0.18181818181818182, 0.16176470588235295]","[0.4166666666666667, 0.3274336283185841, 0.6666666666666666, 0.4166666666666667, 0.21428571428571427, 0.2972972972972973]","[0.5056179775280899, 0.42528735632183906, 0.16326530612244897, 0.33707865168539325, 0.19672131147540983, 0.20952380952380953]","[108, 113, 6, 36, 28, 37]","{0: 0.7317073170731707, 1: 0.6951219512195121, 2: 0.875, 3: 0.8201219512195121, 4: 0.850609756097561, 5: 0.7469512195121951}","{'total_batches': 8, 'valid_updates': 8, 'skipped_updates': 0, 'nonfinite_loss': 0, 'nonfinite_gradients': 0, 'skip_ratio': 0.0, 'is_valid_epoch': True, 'first_bad_parameter': None, 'max_gradient_norm': 1.8355815410614014, 'min_gradient_norm': 0.7742736339569092, 'gradient_nan_elements': 0, 'gradient_inf_elements': 0, 'stability_status': 'healthy', 'stability_skip_ratio': 0.0}",True,46.25445556640625,0.5550428032875061,live,0.3597560975609756,0.43867042642696374,0.4399037642083319,True,0.1616114238065458,True,[],[],[],0,[]
80,8,640,0.8079082415654109,0.8079082415654109,0.8015378927573179,0.0,0.0,0.0,0.0,0.49145299145299143,0.0005936906572928624,1.5241185277700424,1432.50146484375,9.770094633102417,1.0475220796538562,1.0475220796538562,0.0,0.0,0.0,0.3672567426254742,0.31674352217830476,0.3672567426254742,0.31299667570442585,0.4469737138082843,0.39634146341463417,0.4078456399939588,"[0.5565217391304348, 0.5454545454545454, 0.1, 0.35, 0.13636363636363635, 0.21212121212121213]","[0.5925925925925926, 0.3185840707964602, 0.5, 0.3888888888888889, 0.21428571428571427, 0.1891891891891892]","[0.5739910313901345, 0.4022346368715084, 0.16666666666666666, 0.3684210526315789, 0.16666666666666666, 0.2]","[108, 113, 6, 36, 28, 37]","{0: 0.7103658536585366, 1: 0.6737804878048781, 2: 0.9085365853658537, 3: 0.8536585365853658, 4: 0.8170731707317073, 5: 0.8292682926829268}","{'total_batches': 8, 'valid_updates': 8, 'skipped_updates': 0, 'nonfinite_loss': 0, 'nonfinite_gradients': 0, 'skip_ratio': 0.0, 'is_valid_epoch': True, 'first_bad_parameter': None, 'max_gradient_norm': 4.028336048126221, 'min_gradient_norm': 0.6683388948440552, 'gradient_nan_elements': 0, 'gradient_inf_elements': 0, 'stability_status': 'healthy', 'stability_skip_ratio': 0.0}",True,46.27967834472656,0.5795523524284363,live,0.39634146341463417,0.23961383808844539,0.24598418689653834,True,0.09511152803835726,True,[],[],[],0,[]
81,8,648,0.7755378632463961,0.7755378632463961,0.7910967010718125,0.0,0.0,0.0,0.0,0.5128205128205128,0.0005813185825974419,1.0902324691414833,1432.453125,9.848865985870361,1.0365262467686722,1.0365262467686722,0.0,0.0,0.0,0.41748148274696945,0.3587228828628526,0.41748148274696945,0.3531962651600777,0.48521578322821224,0.42378048780487804,0.4448595686273667,"[0.6185567010309279, 0.5432098765432098, 0.12903225806451613, 0.5333333333333333, 0.1282051282051282, 0.2]","[0.5555555555555556, 0.3893805309734513, 0.6666666666666666, 0.4444444444444444, 0.17857142857142858, 0.2702702702702703]","[0.5853658536585366, 0.4536082474226804, 0.21621621621621623, 0.48484848484848486, 0.14925373134328357, 0.22988505747126436]","[108, 113, 6, 36, 28, 37]","{0: 0.7408536585365854, 1: 0.676829268292683, 2: 0.9115853658536586, 3: 0.8963414634146342, 4: 0.8262195121951219, 5: 0.7957317073170732}","{'total_batches': 8, 'valid_updates': 8, 'skipped_updates': 0, 'nonfinite_loss': 0, 'nonfinite_gradients': 0, 'skip_ratio': 0.0, 'is_valid_epoch': True, 'first_bad_parameter': None, 'max_gradient_norm': 1.9193285703659058, 'min_gradient_norm': 0.8230462074279785, 'gradient_nan_elements': 0, 'gradient_inf_elements': 0, 'stability_status': 'healthy', 'stability_skip_ratio': 0.0}",True,46.289794921875,0.6177161931991577,live,0.42378048780487804,0.26098838352227616,0.2454295456968597,True,0.08904002501563474,True,[],[],[],0,[]
82,8,656,0.7391303787883531,0.7391303787883531,0.7315999014764769,0.0,0.0,0.0,0.0,0.5683760683760684,0.000568895145342319,1.120798759162426,1431.984375,9.813786268234253,1.3951671588711623,1.3951671588711623,0.0,0.0,0.0,0.3794634816021247,0.3131846568731815,0.3794634816021247,0.2765952524561701,0.45425208055306016,0.3079268292682927,0.3288636065122114,"[0.5636363636363636, 0.5833333333333334, 0.09523809523809523, 0.29508196721311475, 0.18181818181818182, 0.16]","[0.28703703703703703, 0.24778761061946902, 0.6666666666666666, 0.5, 0.14285714285714285, 0.43243243243243246]","[0.3803680981595092, 0.34782608695652173, 0.16666666666666666, 0.3711340206185567, 0.16, 0.23357664233576642]","[108, 113, 6, 36, 28, 37]","{0: 0.6920731707317073, 1: 0.6798780487804879, 2: 0.8780487804878049, 3: 0.8140243902439024, 4: 0.8719512195121951, 5: 0.6798780487804879}","{'total_batches': 8, 'valid_updates': 8, 'skipped_updates': 0, 'nonfinite_loss': 0, 'nonfinite_gradients': 0, 'skip_ratio': 0.0, 'is_valid_epoch': True, 'first_bad_parameter': None, 'max_gradient_norm': 1.5997836589813232, 'min_gradient_norm': 0.8128716945648193, 'gradient_nan_elements': 0, 'gradient_inf_elements': 0, 'stability_status': 'healthy', 'stability_skip_ratio': 0.0}",True,46.31398391723633,0.5750471353530884,live,0.3079268292682927,0.6560367800828092,0.6635672573946854,True,0.2604492391077757,True,[],[],[],0,[]
83,8,664,0.7997963097360399,0.7997963097360399,0.8156356521141834,0.0,0.0,0.0,0.0,0.49572649572649574,0.0005564281924367408,1.4380446672439575,1432.03271484375,9.827521562576294,1.0135234507118784,1.0135234507118784,0.0,0.0,0.0,0.40050891599564165,0.3437437493749375,0.40050891599564165,0.3448125034966926,0.4555435917067316,0.4024390243902439,0.41969560129808275,"[0.5643564356435643, 0.5375, 0.2, 0.4666666666666667, 0.12727272727272726, 0.16666666666666666]","[0.5277777777777778, 0.3805309734513274, 0.6666666666666666, 0.3888888888888889, 0.25, 0.1891891891891892]","[0.5454545454545454, 0.44559585492227977, 0.3076923076923077, 0.42424242424242425, 0.1686746987951807, 0.17721518987341772]","[108, 113, 6, 36, 28, 37]","{0: 0.7103658536585366, 1: 0.6737804878048781, 2: 0.9451219512195121, 3: 0.8841463414634146, 4: 0.7896341463414634, 5: 0.801829268292683}","{'total_batches': 8, 'valid_updates': 8, 'skipped_updates': 0, 'nonfinite_loss': 0, 'nonfinite_gradients': 0, 'skip_ratio': 0.0, 'is_valid_epoch': True, 'first_bad_parameter': None, 'max_gradient_norm': 2.2417428493499756, 'min_gradient_norm': 0.9668624401092529, 'gradient_nan_elements': 0, 'gradient_inf_elements': 0, 'stability_status': 'healthy', 'stability_skip_ratio': 0.0}",True,46.335784912109375,0.539872944355011,live,0.4024390243902439,0.21372714097583856,0.197887798597695,True,0.09328747133625181,True,[],[],[],0,[]
84,8,672,0.7478815092999711,0.7478815092999711,0.7476099841615074,0.0,0.0,0.0,0.0,0.5170940170940171,0.0005439255982753717,1.3992656543850899,1432.328125,9.323868989944458,1.2770949921956876,1.2770949921956876,0.0,0.0,0.0,0.3476103052061754,0.2858324945165856,0.3476103052061754,0.2665949714268128,0.43318135262529,0.32926829268292684,0.3593958036291656,"[0.6229508196721312, 0.4939759036144578, 0.07272727272727272, 0.28846153846153844, 0.06666666666666667, 0.1702127659574468]","[0.35185185185185186, 0.36283185840707965, 0.6666666666666666, 0.4166666666666667, 0.07142857142857142, 0.21621621621621623]","[0.44970414201183434, 0.41836734693877553, 0.13114754098360656, 0.3409090909090909, 0.06896551724137931, 0.19047619047619047]","[108, 113, 6, 36, 28, 37]","{0: 0.7164634146341463, 1: 0.6524390243902439, 2: 0.8384146341463414, 3: 0.823170731707317, 4: 0.8353658536585366, 5: 0.7926829268292683}","{'total_batches': 8, 'valid_updates': 8, 'skipped_updates': 0, 'nonfinite_loss': 0, 'nonfinite_gradients': 0, 'skip_ratio': 0.0, 'is_valid_epoch': True, 'first_bad_parameter': None, 'max_gradient_norm': 2.454190254211426, 'min_gradient_norm': 0.8866792321205139, 'gradient_nan_elements': 0, 'gradient_inf_elements': 0, 'stability_status': 'healthy', 'stability_skip_ratio': 0.0}",True,46.36417007446289,0.5652505159378052,live,0.32926829268292684,0.5292134828957165,0.5294850080341802,True,0.1878257244110903,True,[],[],[],0,[]
85,8,680,0.68302299731817,0.68302299731817,0.6876411891391134,0.0,0.0,0.0,0.0,0.4829059829059829,0.0005313952597646568,1.138717144727707,1432.50146484375,9.778833389282227,1.139558321092187,1.139558321092187,0.0,0.0,0.0,0.34869150650861563,0.3042782934229175,0.34869150650861563,0.2935281657860705,0.44071567217383695,0.3628048780487805,0.38627326559429964,"[0.5662650602409639, 0.5333333333333333, 0.0967741935483871, 0.4117647058823529, 0.03571428571428571, 0.18181818181818182]","[0.4351851851851852, 0.35398230088495575, 0.5, 0.3888888888888889, 0.03571428571428571, 0.3783783783783784]","[0.49214659685863876, 0.425531914893617, 0.16216216216216217, 0.4, 0.03571428571428571, 0.24561403508771928]","[108, 113, 6, 36, 28, 37]","{0: 0.7042682926829268, 1: 0.6707317073170732, 2: 0.9054878048780488, 3: 0.8719512195121951, 4: 0.8353658536585366, 5: 0.7378048780487805}","{'total_batches': 8, 'valid_updates': 8, 'skipped_updates': 0, 'nonfinite_loss': 0, 'nonfinite_gradients': 0, 'skip_ratio': 0.0, 'is_valid_epoch': True, 'first_bad_parameter': None, 'max_gradient_norm': 1.7152776718139648, 'min_gradient_norm': 0.9089592695236206, 'gradient_nan_elements': 0, 'gradient_inf_elements': 0, 'stability_status': 'healthy', 'stability_skip_ratio': 0.0}",True,46.384403228759766,0.5210288166999817,live,0.3628048780487805,0.45653532377401695,0.4519171319530735,True,0.12010110485720243,True,[],[],[],0,[]
86,8,688,0.7073103714193034,0.7073103714193034,0.7238956537002172,0.0,0.0,0.0,0.0,0.5384615384615384,0.0005188450913349674,1.127546988427639,1432.453125,10.089081525802612,1.1852072041209152,1.1852072041209152,0.0,0.0,0.0,0.36683428055109474,0.29406602031440604,0.36683428055109474,0.2890377008717659,0.4220449998442213,0.3597560975609756,0.3765424595006051,"[0.5454545454545454, 0.504950495049505, 0.10256410256410256, 0.38461538461538464, 0.043478260869565216, 0.18333333333333332]","[0.3333333333333333, 0.45132743362831856, 0.6666666666666666, 0.4166666666666667, 0.03571428571428571, 0.2972972972972973]","[0.41379310344827586, 0.4766355140186916, 0.17777777777777778, 0.4, 0.0392156862745098, 0.2268041237113402]","[108, 113, 6, 36, 28, 37]","{0: 0.6890243902439024, 1: 0.6585365853658537, 2: 0.8871951219512195, 3: 0.8628048780487805, 4: 0.850609756097561, 5: 0.7713414634146342}","{'total_batches': 8, 'valid_updates': 8, 'skipped_updates': 0, 'nonfinite_loss': 0, 'nonfinite_gradients': 0, 'skip_ratio': 0.0, 'is_valid_epoch': True, 'first_bad_parameter': None, 'max_gradient_norm': 1.4726423025131226, 'min_gradient_norm': 0.8528881669044495, 'gradient_nan_elements': 0, 'gradient_inf_elements': 0, 'stability_status': 'healthy', 'stability_skip_ratio': 0.0}",True,46.40375518798828,0.4900220036506653,live,0.3597560975609756,0.47789683270161176,0.46131155042069794,True,0.17870544090056284,True,[],[],[],0,[]
87,8,696,0.7107996706269745,0.7107996706269745,0.7176186656340574,0.0,0.0,0.0,0.0,0.5299145299145299,0.0005062830199416764,1.065717726945877,1431.984375,9.805318832397461,1.0971009382387487,1.0971009382387487,0.0,0.0,0.0,0.3993171426799746,0.34331578031605664,0.3993171426799746,0.3260826237081706,0.47141868458340075,0.3841463414634147,0.3951699534496713,"[0.5338983050847458, 0.625, 0.17391304347826086, 0.40625, 0.13333333333333333, 0.1875]","[0.5833333333333334, 0.26548672566371684, 0.6666666666666666, 0.3611111111111111, 0.35714285714285715, 0.16216216216216217]","[0.5575221238938053, 0.37267080745341613, 0.27586206896551724, 0.38235294117647056, 0.1941747572815534, 0.17391304347826086]","[108, 113, 6, 36, 28, 37]","{0: 0.6951219512195121, 1: 0.6920731707317073, 2: 0.9359756097560976, 3: 0.8719512195121951, 4: 0.7469512195121951, 5: 0.8262195121951219}","{'total_batches': 8, 'valid_updates': 8, 'skipped_updates': 0, 'nonfinite_loss': 0, 'nonfinite_gradients': 0, 'skip_ratio': 0.0, 'is_valid_epoch': True, 'first_bad_parameter': None, 'max_gradient_norm': 1.4202079772949219, 'min_gradient_norm': 0.9078866243362427, 'gradient_nan_elements': 0, 'gradient_inf_elements': 0, 'stability_status': 'healthy', 'stability_skip_ratio': 0.0}",True,46.41974639892578,0.6390326023101807,live,0.38414634146341464,0.3863012676117742,0.37948227260469125,True,0.14576818845111528,True,[],[],[],0,[]
88,8,704,0.732134544951284,0.732134544951284,0.7318150609986395,0.0,0.0,0.0,0.0,0.5384615384615384,0.0004937169800583236,1.376118317246437,1432.03271484375,9.911898374557495,1.6419251488476265,1.6419251488476265,0.0,0.0,0.0,0.3691389978263135,0.3290513480025134,0.3691389978263135,0.2631010681887605,0.4697297315152477,0.2865853658536585,0.30941884824343596,"[0.5849056603773585, 0.5833333333333334, 0.06349206349206349, 0.3, 0.2857142857142857, 0.1568627450980392]","[0.28703703703703703, 0.18584070796460178, 0.6666666666666666, 0.5, 0.14285714285714285, 0.43243243243243246]","[0.38509316770186336, 0.28187919463087246, 0.11594202898550725, 0.375, 0.19047619047619047, 0.2302158273381295]","[108, 113, 6, 36, 28, 37]","{0: 0.698170731707317, 1: 0.6737804878048781, 2: 0.8140243902439024, 3: 0.8170731707317073, 4: 0.8963414634146342, 5: 0.6737804878048781}","{'total_batches': 8, 'valid_updates': 8, 'skipped_updates': 0, 'nonfinite_loss': 0, 'nonfinite_gradients': 0, 'skip_ratio': 0.0, 'is_valid_epoch': True, 'first_bad_parameter': None, 'max_gradient_norm': 2.7594761848449707, 'min_gradient_norm': 0.787492573261261, 'gradient_nan_elements': 0, 'gradient_inf_elements': 0, 'stability_status': 'healthy', 'stability_skip_ratio': 0.0}",True,46.43505096435547,0.6067437529563904,live,0.2865853658536585,0.9097906038963425,0.9101100878489871,True,0.2518761726078799,True,[],[],[],0,[]
89,8,712,0.7833868030808929,0.7833868030808929,0.7916161942685771,0.0,0.0,0.0,0.0,0.5341880341880342,0.0004811549086650327,1.579281322658062,1432.328125,9.431007623672485,1.0207346328874913,1.0207346328874913,0.0,0.0,0.0,0.39850749400896895,0.34236690675925335,0.39850749400896895,0.342583421647435,0.4549562259265279,0.4298780487804878,0.43764895080818733,"[0.5288461538461539, 0.5576923076923077, 0.16666666666666666, 0.4482758620689655, 0.12195121951219512, 0.23076923076923078]","[0.5092592592592593, 0.5132743362831859, 0.6666666666666666, 0.3611111111111111, 0.17857142857142858, 0.16216216216216217]","[0.5188679245283019, 0.5345622119815668, 0.26666666666666666, 0.4, 0.14492753623188406, 0.19047619047619047]","[108, 113, 6, 36, 28, 37]","{0: 0.6890243902439024, 1: 0.6920731707317073, 2: 0.9329268292682927, 3: 0.8810975609756098, 4: 0.8201219512195121, 5: 0.8445121951219512}","{'total_batches': 8, 'valid_updates': 8, 'skipped_updates': 0, 'nonfinite_loss': 0, 'nonfinite_gradients': 0, 'skip_ratio': 0.0, 'is_valid_epoch': True, 'first_bad_parameter': None, 'max_gradient_norm': 2.6224474906921387, 'min_gradient_norm': 0.7918406128883362, 'gradient_nan_elements': 0, 'gradient_inf_elements': 0, 'stability_status': 'healthy', 'stability_skip_ratio': 0.0}",True,46.44348907470703,0.633004367351532,live,0.4298780487804878,0.2373478298065984,0.22911843861891423,True,0.10430998540754638,True,[],[],[],0,[]
90,8,720,0.7692659655187883,0.7692659655187883,0.7687665305585942,0.0,0.0,0.0,0.0,0.5042735042735043,0.0004686047402353433,1.6257377117872238,1432.50146484375,9.828508853912354,1.352791204685118,1.352791204685118,0.0,0.0,0.0,0.39519993022942873,0.340949652588308,0.39519993022942873,0.29509126892660026,0.5103327849986999,0.32621951219512196,0.3603990953597781,"[0.7, 0.6122448979591837, 0.0784313725490196, 0.26, 0.20454545454545456, 0.19047619047619047]","[0.32407407407407407, 0.26548672566371684, 0.6666666666666666, 0.3611111111111111, 0.32142857142857145, 0.43243243243243246]","[0.4430379746835443, 0.37037037037037035, 0.14035087719298245, 0.3023255813953488, 0.25, 0.2644628099173554]","[108, 113, 6, 36, 28, 37]","{0: 0.7317073170731707, 1: 0.6890243902439024, 2: 0.850609756097561, 3: 0.8170731707317073, 4: 0.8353658536585366, 5: 0.7286585365853658}","{'total_batches': 8, 'valid_updates': 8, 'skipped_updates': 0, 'nonfinite_loss': 0, 'nonfinite_gradients': 0, 'skip_ratio': 0.0, 'is_valid_epoch': True, 'first_bad_parameter': None, 'max_gradient_norm': 3.5192599296569824, 'min_gradient_norm': 0.8279304504394531, 'gradient_nan_elements': 0, 'gradient_inf_elements': 0, 'stability_status': 'healthy', 'stability_skip_ratio': 0.0}",True,46.457767486572266,0.5153648257255554,live,0.32621951219512196,0.5835252391663297,0.5840246741265238,True,0.1780539920783823,True,[],[],[],0,[]
91,8,728,0.7385257451962202,0.7385257451962202,0.7608381733935103,0.0,0.0,0.0,0.0,0.5,0.00045607440172462844,1.3802126348018646,1432.453125,9.317144632339478,1.107216436688493,1.107216436688493,0.0,0.0,0.0,0.3814060056685426,0.32040024350717483,0.3814060056685426,0.3059855815724629,0.4552351342656164,0.375,0.4003150048848415,"[0.611764705882353, 0.5189873417721519, 0.1, 0.30434782608695654, 0.14285714285714285, 0.24444444444444444]","[0.48148148148148145, 0.36283185840707965, 0.6666666666666666, 0.19444444444444445, 0.2857142857142857, 0.2972972972972973]","[0.538860103626943, 0.4270833333333333, 0.17391304347826086, 0.23728813559322035, 0.19047619047619047, 0.2682926829268293]","[108, 113, 6, 36, 28, 37]","{0: 0.7286585365853658, 1: 0.6646341463414634, 2: 0.8841463414634146, 3: 0.8628048780487805, 4: 0.7926829268292683, 5: 0.8170731707317073}","{'total_batches': 8, 'valid_updates': 8, 'skipped_updates': 0, 'nonfinite_loss': 0, 'nonfinite_gradients': 0, 'skip_ratio': 0.0, 'is_valid_epoch': True, 'first_bad_parameter': None, 'max_gradient_norm': 2.315561056137085, 'min_gradient_norm': 0.8490852117538452, 'gradient_nan_elements': 0, 'gradient_inf_elements': 0, 'stability_status': 'healthy', 'stability_skip_ratio': 0.0}",True,46.46737289428711,0.49656498432159424,live,0.375,0.36869069149227274,0.34637826329498256,True,0.125,True,[],[],[],0,[]
92,8,736,0.7226848408707187,0.7226848408707187,0.7279352553379841,0.0,0.0,0.0,0.0,0.5299145299145299,0.00044357180756325913,1.1996921375393867,1431.984375,9.820568084716797,1.2882107816091397,1.2882107816091397,0.0,0.0,0.0,0.3770068530393014,0.2937293858782879,0.3770068530393014,0.269813792856482,0.43391822241998357,0.3201219512195122,0.34790646020183635,"[0.5797101449275363, 0.532258064516129, 0.09090909090909091, 0.2545454545454545, 0.15789473684210525, 0.14705882352941177]","[0.37037037037037035, 0.2920353982300885, 0.8333333333333334, 0.3888888888888889, 0.10714285714285714, 0.2702702702702703]","[0.4519774011299435, 0.37714285714285717, 0.16393442622950818, 0.3076923076923077, 0.1276595744680851, 0.19047619047619047]","[108, 113, 6, 36, 28, 37]","{0: 0.7042682926829268, 1: 0.6676829268292683, 2: 0.8445121951219512, 3: 0.8079268292682927, 4: 0.875, 5: 0.7408536585365854}","{'total_batches': 8, 'valid_updates': 8, 'skipped_updates': 0, 'nonfinite_loss': 0, 'nonfinite_gradients': 0, 'skip_ratio': 0.0, 'is_valid_epoch': True, 'first_bad_parameter': None, 'max_gradient_norm': 1.5540237426757812, 'min_gradient_norm': 0.9172831177711487, 'gradient_nan_elements': 0, 'gradient_inf_elements': 0, 'stability_status': 'healthy', 'stability_skip_ratio': 0.0}",True,46.47236633300781,0.45161375403404236,live,0.3201219512195122,0.565525940738421,0.5602755262711556,True,0.20979257869501772,True,[],[],[],0,[]
93,8,744,0.722095208035575,0.722095208035575,0.7277923717967465,0.0,0.0,0.0,0.0,0.5384615384615384,0.000431104854657681,1.2086996883153915,1432.03271484375,9.38002872467041,1.1148625670409784,1.1148625670409784,0.0,0.0,0.0,0.3465606883748477,0.3214752222046397,0.3465606883748477,0.31133941869272924,0.45817735665698844,0.3780487804878049,0.4033365318869115,"[0.5806451612903226, 0.5522388059701493, 0.08, 0.4166666666666667, 0.15384615384615385, 0.14545454545454545]","[0.5, 0.3274336283185841, 0.3333333333333333, 0.4166666666666667, 0.2857142857142857, 0.21621621621621623]","[0.5373134328358209, 0.4111111111111111, 0.12903225806451613, 0.4166666666666667, 0.2, 0.17391304347826086]","[108, 113, 6, 36, 28, 37]","{0: 0.7164634146341463, 1: 0.676829268292683, 2: 0.9176829268292683, 3: 0.8719512195121951, 4: 0.8048780487804879, 5: 0.7682926829268293}","{'total_batches': 8, 'valid_updates': 8, 'skipped_updates': 0, 'nonfinite_loss': 0, 'nonfinite_gradients': 0, 'skip_ratio': 0.0, 'is_valid_epoch': True, 'first_bad_parameter': None, 'max_gradient_norm': 1.8806431293487549, 'min_gradient_norm': 0.7905651330947876, 'gradient_nan_elements': 0, 'gradient_inf_elements': 0, 'stability_status': 'healthy', 'stability_skip_ratio': 0.0}",True,46.485965728759766,0.4717329144477844,live,0.3780487804878049,0.3927673590054034,0.3870701952442319,True,0.16041275797373356,True,[],[],[],0,[]
94,8,752,0.7045756344102386,0.7045756344102386,0.7000243780959365,0.0,0.0,0.0,0.0,0.5256410256410257,0.0004186814174025582,1.2039601430296898,1432.328125,9.942593574523926,1.1335252581573114,1.1335252581573114,0.0,0.0,0.0,0.38206869954657563,0.3215385281975001,0.38206869954657563,0.299281488889436,0.4660232585692414,0.3628048780487805,0.38781698404446624,"[0.5625, 0.6071428571428571, 0.0975609756097561, 0.3142857142857143, 0.14084507042253522, 0.20689655172413793]","[0.5, 0.3008849557522124, 0.6666666666666666, 0.3055555555555556, 0.35714285714285715, 0.16216216216216217]","[0.5294117647058824, 0.40236686390532544, 0.1702127659574468, 0.30985915492957744, 0.20202020202020202, 0.18181818181818182]","[108, 113, 6, 36, 28, 37]","{0: 0.7073170731707317, 1: 0.6920731707317073, 2: 0.8810975609756098, 3: 0.850609756097561, 4: 0.7591463414634146, 5: 0.8353658536585366}","{'total_batches': 8, 'valid_updates': 8, 'skipped_updates': 0, 'nonfinite_loss': 0, 'nonfinite_gradients': 0, 'skip_ratio': 0.0, 'is_valid_epoch': True, 'first_bad_parameter': None, 'max_gradient_norm': 1.675286054611206, 'min_gradient_norm': 0.9565673470497131, 'gradient_nan_elements': 0, 'gradient_inf_elements': 0, 'stability_status': 'healthy', 'stability_skip_ratio': 0.0}",True,46.50164794921875,0.458661288022995,live,0.3628048780487805,0.4289496237470728,0.4335008800613749,True,0.16283614759224518,True,[],[],[],0,[]
95,8,760,0.682882605964302,0.682882605964302,0.6890465347175925,0.0,0.0,0.0,0.0,0.5683760683760684,0.0004063093427071376,1.1102671772241592,1432.50146484375,9.93939995765686,1.1344954124311122,1.1344954124311122,0.0,0.0,0.0,0.40702043172544644,0.3347847664016799,0.40702043172544644,0.33243331567559625,0.47782035121992283,0.4024390243902439,0.4235508947269628,"[0.6041666666666666, 0.5909090909090909, 0.12903225806451613, 0.35555555555555557, 0.11627906976744186, 0.2127659574468085]","[0.5370370370370371, 0.34513274336283184, 0.6666666666666666, 0.4444444444444444, 0.17857142857142858, 0.2702702702702703]","[0.5686274509803921, 0.43575418994413406, 0.21621621621621623, 0.3950617283950617, 0.14084507042253522, 0.23809523809523808]","[108, 113, 6, 36, 28, 37]","{0: 0.7317073170731707, 1: 0.6920731707317073, 2: 0.9115853658536586, 3: 0.850609756097561, 4: 0.8140243902439024, 5: 0.8048780487804879}","{'total_batches': 8, 'valid_updates': 8, 'skipped_updates': 0, 'nonfinite_loss': 0, 'nonfinite_gradients': 0, 'skip_ratio': 0.0, 'is_valid_epoch': True, 'first_bad_parameter': None, 'max_gradient_norm': 1.5993949174880981, 'min_gradient_norm': 0.8631123304367065, 'gradient_nan_elements': 0, 'gradient_inf_elements': 0, 'stability_status': 'healthy', 'stability_skip_ratio': 0.0}",True,46.51055908203125,0.3824664056301117,live,0.4024390243902439,0.45161280646681023,0.4454488777135197,True,0.16593704398582443,True,[],[],[],0,[]
96,8,768,0.6566740855192527,0.6566740855192527,0.6619552063126849,0.0,0.0,0.0,0.0,0.5512820512820513,0.0003939964450389728,1.1794817000627518,1432.453125,9.363341569900513,1.216383893315385,1.216383893315385,0.0,0.0,0.0,0.3897921309425734,0.32312656359156283,0.3897921309425734,0.31178787790445095,0.4482823298748745,0.3628048780487805,0.3875566509515879,"[0.6, 0.4878048780487805, 0.10256410256410256, 0.4411764705882353, 0.08333333333333333, 0.22388059701492538]","[0.3888888888888889, 0.35398230088495575, 0.6666666666666666, 0.4166666666666667, 0.10714285714285714, 0.40540540540540543]","[0.47191011235955055, 0.41025641025641024, 0.17777777777777778, 0.42857142857142855, 0.09375, 0.28846153846153844]","[108, 113, 6, 36, 28, 37]","{0: 0.7134146341463414, 1: 0.649390243902439, 2: 0.8871951219512195, 3: 0.8780487804878049, 4: 0.823170731707317, 5: 0.774390243902439}","{'total_batches': 8, 'valid_updates': 8, 'skipped_updates': 0, 'nonfinite_loss': 0, 'nonfinite_gradients': 0, 'skip_ratio': 0.0, 'is_valid_epoch': True, 'first_bad_parameter': None, 'max_gradient_norm': 1.5198428630828857, 'min_gradient_norm': 0.7987807989120483, 'gradient_nan_elements': 0, 'gradient_inf_elements': 0, 'stability_status': 'healthy', 'stability_skip_ratio': 0.0}",True,46.51194381713867,0.36330732703208923,live,0.3628048780487805,0.5597098077961323,0.5544286870027001,True,0.18847717323327084,True,[],[],[],0,[]
97,8,776,0.648484640651279,0.648484640651279,0.6442082773925911,0.0,0.0,0.0,0.0,0.6153846153846154,0.0003817505014881378,1.0580682158470154,1431.984375,9.786515235900879,1.1212312535541813,1.1212312535541813,0.0,0.0,0.0,0.3896537709222075,0.3222715772526019,0.3896537709222075,0.3198334077214347,0.44982377168734594,0.39634146341463417,0.41481411594623485,"[0.6022727272727273, 0.5053763440860215, 0.11764705882352941, 0.325, 0.13333333333333333, 0.25]","[0.49074074074074076, 0.415929203539823, 0.6666666666666666, 0.3611111111111111, 0.21428571428571427, 0.1891891891891892]","[0.5408163265306123, 0.4563106796116505, 0.2, 0.34210526315789475, 0.1643835616438356, 0.2153846153846154]","[108, 113, 6, 36, 28, 37]","{0: 0.725609756097561, 1: 0.6585365853658537, 2: 0.9024390243902439, 3: 0.8475609756097561, 4: 0.8140243902439024, 5: 0.8445121951219512}","{'total_batches': 8, 'valid_updates': 8, 'skipped_updates': 0, 'nonfinite_loss': 0, 'nonfinite_gradients': 0, 'skip_ratio': 0.0, 'is_valid_epoch': True, 'first_bad_parameter': None, 'max_gradient_norm': 1.666086196899414, 'min_gradient_norm': 0.6915929913520813, 'gradient_nan_elements': 0, 'gradient_inf_elements': 0, 'stability_status': 'healthy', 'stability_skip_ratio': 0.0}",True,46.51626205444336,0.3950241804122925,live,0.39634146341463417,0.4727466129029023,0.4770229761615902,True,0.21904315196998125,True,[],[],[],0,[]
98,8,784,0.737857210330474,0.737857210330474,0.7437024778789945,0.0,0.0,0.0,0.0,0.5128205128205128,0.0003695792468550517,1.482065111398697,1432.03271484375,9.945544958114624,1.3978704068718888,1.3978704068718888,0.0,0.0,0.0,0.39939138464212204,0.33537403337688926,0.39939138464212204,0.31300779540107193,0.4735691017310585,0.3597560975609756,0.38248722111531,"[0.5681818181818182, 0.6041666666666666, 0.0975609756097561, 0.35555555555555557, 0.2222222222222222, 0.16455696202531644]","[0.46296296296296297, 0.25663716814159293, 0.6666666666666666, 0.4444444444444444, 0.21428571428571427, 0.35135135135135137]","[0.5102040816326531, 0.36024844720496896, 0.1702127659574468, 0.3950617283950617, 0.21818181818181817, 0.22413793103448276]","[108, 113, 6, 36, 28, 37]","{0: 0.7073170731707317, 1: 0.6859756097560976, 2: 0.8810975609756098, 3: 0.850609756097561, 4: 0.8689024390243902, 5: 0.725609756097561}","{'total_batches': 8, 'valid_updates': 8, 'skipped_updates': 0, 'nonfinite_loss': 0, 'nonfinite_gradients': 0, 'skip_ratio': 0.0, 'is_valid_epoch': True, 'first_bad_parameter': None, 'max_gradient_norm': 2.827157974243164, 'min_gradient_norm': 0.9329297542572021, 'gradient_nan_elements': 0, 'gradient_inf_elements': 0, 'stability_status': 'healthy', 'stability_skip_ratio': 0.0}",True,46.5243034362793,0.4015277326107025,live,0.3597560975609756,0.6600131965414148,0.6541679289928943,True,0.15306441525953718,True,[],[],[],0,[]
99,8,792,0.6983088405213804,0.6983088405213804,0.7105916797095894,0.0,0.0,0.0,0.0,0.5427350427350427,0.00035749036876501193,1.5089975446462631,1432.328125,9.779221296310425,1.1473669802270285,1.1473669802270285,0.0,0.0,0.0,0.3797872356131944,0.3227502349880867,0.3797872356131944,0.32386657515986594,0.43300268990049723,0.3780487804878049,0.3937615451127809,"[0.5507246376811594, 0.4803921568627451, 0.11538461538461539, 0.4, 0.14, 0.25]","[0.35185185185185186, 0.4336283185840708, 0.5, 0.5, 0.25, 0.24324324324324326]","[0.4293785310734463, 0.4558139534883721, 0.1875, 0.4444444444444444, 0.1794871794871795, 0.2465753424657534]","[108, 113, 6, 36, 28, 37]","{0: 0.6920731707317073, 1: 0.6432926829268293, 2: 0.9207317073170732, 3: 0.8628048780487805, 4: 0.8048780487804879, 5: 0.8323170731707317}","{'total_batches': 8, 'valid_updates': 8, 'skipped_updates': 0, 'nonfinite_loss': 0, 'nonfinite_gradients': 0, 'skip_ratio': 0.0, 'is_valid_epoch': True, 'first_bad_parameter': None, 'max_gradient_norm': 2.024740219116211, 'min_gradient_norm': 1.1140904426574707, 'gradient_nan_elements': 0, 'gradient_inf_elements': 0, 'stability_status': 'healthy', 'stability_skip_ratio': 0.0}",True,46.53647232055664,0.4101272225379944,live,0.3780487804878049,0.4490581397056481,0.4367753005174392,True,0.1646862622472378,True,[],[],[],0,[]
100,8,800,0.7163972773103633,0.7163972773103633,0.7123408521342481,0.0,0.0,0.0,0.0,0.5641025641025641,0.00034549150281252633,1.3720908910036087,1432.50146484375,9.957728624343872,1.1489495707721245,1.1489495707721245,0.0,0.0,0.0,0.4052228060340155,0.33815721798680815,0.4052228060340155,0.32791084554323696,0.4788761999654195,0.3902439024390244,0.4128868844367579,"[0.6105263157894737, 0.576271186440678, 0.11764705882352941, 0.37142857142857144, 0.125, 0.22807017543859648]","[0.5370370370370371, 0.3008849557522124, 0.6666666666666666, 0.3611111111111111, 0.21428571428571427, 0.35135135135135137]","[0.5714285714285714, 0.3953488372093023, 0.2, 0.36619718309859156, 0.15789473684210525, 0.2765957446808511]","[108, 113, 6, 36, 28, 37]","{0: 0.7347560975609756, 1: 0.6829268292682927, 2: 0.9024390243902439, 3: 0.8628048780487805, 4: 0.8048780487804879, 5: 0.7926829268292683}","{'total_batches': 8, 'valid_updates': 8, 'skipped_updates': 0, 'nonfinite_loss': 0, 'nonfinite_gradients': 0, 'skip_ratio': 0.0, 'is_valid_epoch': True, 'first_bad_parameter': None, 'max_gradient_norm': 2.255523920059204, 'min_gradient_norm': 1.056968092918396, 'gradient_nan_elements': 0, 'gradient_inf_elements': 0, 'stability_status': 'healthy', 'stability_skip_ratio': 0.0}",True,46.5472526550293,0.35305705666542053,live,0.3902439024390244,0.43255229346176116,0.4366087186378763,True,0.1738586616635397,True,[],[],[],0,[]
101,8,808,0.672965235180325,0.672965235180325,0.6811136170330211,0.0,0.0,0.0,0.0,0.5384615384615384,0.00033359022773850675,1.296948067843914,1432.453125,9.54386305809021,1.1921039209133242,1.1921039209133242,0.0,0.0,0.0,0.38499018403148194,0.3161311957364588,0.38499018403148194,0.31177207403475143,0.4478969522133835,0.38109756097560976,0.4034060198870888,"[0.5714285714285714, 0.5384615384615384, 0.10526315789473684, 0.275, 0.13636363636363635, 0.2702702702702703]","[0.48148148148148145, 0.37168141592920356, 0.6666666666666666, 0.3055555555555556, 0.21428571428571427, 0.2702702702702703]","[0.5226130653266332, 0.4397905759162304, 0.18181818181818182, 0.2894736842105263, 0.16666666666666666, 0.2702702702702703]","[108, 113, 6, 36, 28, 37]","{0: 0.7103658536585366, 1: 0.6737804878048781, 2: 0.8902439024390244, 3: 0.8353658536585366, 4: 0.8170731707317073, 5: 0.8353658536585366}","{'total_batches': 8, 'valid_updates': 8, 'skipped_updates': 0, 'nonfinite_loss': 0, 'nonfinite_gradients': 0, 'skip_ratio': 0.0, 'is_valid_epoch': True, 'first_bad_parameter': None, 'max_gradient_norm': 3.034010648727417, 'min_gradient_norm': 0.6527719497680664, 'gradient_nan_elements': 0, 'gradient_inf_elements': 0, 'stability_status': 'healthy', 'stability_skip_ratio': 0.0}",True,46.554019927978516,0.29814353585243225,live,0.38109756097560976,0.5191386857329991,0.5109903038803031,True,0.15736397748592867,True,[],[],[],0,[]
102,8,816,0.659455156733847,0.659455156733847,0.6617821032165462,0.0,0.0,0.0,0.0,0.5598290598290598,0.0003217940606433747,1.3041436523199081,1431.984375,9.514606714248657,1.1636851008345441,1.1636851008345441,0.0,0.0,0.0,0.37268573883618134,0.3218846895071347,0.37268573883618134,0.3203807674591146,0.4550326134630388,0.3871951219512195,0.408277719091761,"[0.5684210526315789, 0.5633802816901409, 0.12, 0.35, 0.14583333333333334, 0.1836734693877551]","[0.5, 0.35398230088495575, 0.5, 0.3888888888888889, 0.25, 0.24324324324324326]","[0.5320197044334976, 0.43478260869565216, 0.1935483870967742, 0.3684210526315789, 0.18421052631578946, 0.20930232558139536]","[108, 113, 6, 36, 28, 37]","{0: 0.7103658536585366, 1: 0.6829268292682927, 2: 0.9237804878048781, 3: 0.8536585365853658, 4: 0.8109756097560976, 5: 0.7926829268292683}","{'total_batches': 8, 'valid_updates': 8, 'skipped_updates': 0, 'nonfinite_loss': 0, 'nonfinite_gradients': 0, 'skip_ratio': 0.0, 'is_valid_epoch': True, 'first_bad_parameter': None, 'max_gradient_norm': 2.449751138687134, 'min_gradient_norm': 0.7343435287475586, 'gradient_nan_elements': 0, 'gradient_inf_elements': 0, 'stability_status': 'healthy', 'stability_skip_ratio': 0.0}",True,46.56318283081055,0.31918907165527344,live,0.3871951219512195,0.5042299441006971,0.501902997617998,True,0.17263393787784032,True,[],[],[],0,[]
103,8,824,0.6196404012859377,0.6196404012859377,0.6237596492482047,0.0,0.0,0.0,0.0,0.5213675213675214,0.0003101104522390995,1.163597233593464,1432.03271484375,9.97533130645752,1.2166387104406589,1.2166387104406589,0.0,0.0,0.0,0.42795708688039064,0.35142777001847464,0.42795708688039064,0.3424484547227886,0.4992264940175131,0.4024390243902439,0.4258165056499062,"[0.6363636363636364, 0.603448275862069, 0.10810810810810811, 0.34782608695652173, 0.1794871794871795, 0.23333333333333334]","[0.5185185185185185, 0.30973451327433627, 0.6666666666666666, 0.4444444444444444, 0.25, 0.3783783783783784]","[0.5714285714285714, 0.4093567251461988, 0.18604651162790697, 0.3902439024390244, 0.208955223880597, 0.28865979381443296]","[108, 113, 6, 36, 28, 37]","{0: 0.7439024390243902, 1: 0.6920731707317073, 2: 0.8932926829268293, 3: 0.8475609756097561, 4: 0.8384146341463414, 5: 0.7896341463414634}","{'total_batches': 8, 'valid_updates': 8, 'skipped_updates': 0, 'nonfinite_loss': 0, 'nonfinite_gradients': 0, 'skip_ratio': 0.0, 'is_valid_epoch': True, 'first_bad_parameter': None, 'max_gradient_norm': 2.073899507522583, 'min_gradient_norm': 0.7439825534820557, 'gradient_nan_elements': 0, 'gradient_inf_elements': 0, 'stability_status': 'healthy', 'stability_skip_ratio': 0.0}",True,46.57547378540039,0.2940186560153961,live,0.4024390243902439,0.5969983091547212,0.5928790611924541,True,0.11892849697727748,True,[],[],[],0,[]
104,8,832,0.6358743131670177,0.6358743131670177,0.6349906559683319,0.0,0.0,0.0,0.0,0.5769230769230769,0.0002985467821431687,1.0782117769122124,1432.328125,9.92776870727539,1.1379921174630887,1.1379921174630887,0.0,0.0,0.0,0.4220584364389674,0.34107152397443347,0.4220584364389674,0.3548041141120419,0.4515754089173986,0.4176829268292683,0.4277316644569216,"[0.5604395604395604, 0.5217391304347826, 0.18181818181818182, 0.40816326530612246, 0.1111111111111111, 0.2631578947368421]","[0.4722222222222222, 0.4247787610619469, 0.6666666666666666, 0.5555555555555556, 0.14285714285714285, 0.2702702702702703]","[0.5125628140703518, 0.4682926829268293, 0.2857142857142857, 0.47058823529411764, 0.125, 0.26666666666666666]","[108, 113, 6, 36, 28, 37]","{0: 0.7042682926829268, 1: 0.6676829268292683, 2: 0.9390243902439024, 3: 0.8628048780487805, 4: 0.8292682926829268, 5: 0.8323170731707317}","{'total_batches': 8, 'valid_updates': 8, 'skipped_updates': 0, 'nonfinite_loss': 0, 'nonfinite_gradients': 0, 'skip_ratio': 0.0, 'is_valid_epoch': True, 'first_bad_parameter': None, 'max_gradient_norm': 1.8848168849945068, 'min_gradient_norm': 0.7095839977264404, 'gradient_nan_elements': 0, 'gradient_inf_elements': 0, 'stability_status': 'healthy', 'stability_skip_ratio': 0.0}",True,46.58202362060547,0.32201623916625977,live,0.4176829268292683,0.502117804296071,0.5030014614947568,True,0.1592401500938086,True,[],[],[],0,[]
105,8,840,0.6516997671534872,0.6516997671534872,0.6626281926774571,0.0,0.0,0.0,0.0,0.5769230769230769,0.00028711035421746366,1.086093619465828,1432.50146484375,9.362831354141235,1.2476279851866932,1.2476279851866932,0.0,0.0,0.0,0.4015120788719609,0.33442247624527716,0.4015120788719609,0.3081190484978224,0.48046641165691734,0.35060975609756095,0.3770325471439091,"[0.6282051282051282, 0.574468085106383, 0.1, 0.3333333333333333, 0.16417910447761194, 0.20634920634920634]","[0.4537037037037037, 0.23893805309734514, 0.6666666666666666, 0.3055555555555556, 0.39285714285714285, 0.35135135135135137]","[0.5268817204301075, 0.3375, 0.17391304347826086, 0.3188405797101449, 0.23157894736842105, 0.26]","[108, 113, 6, 36, 28, 37]","{0: 0.7317073170731707, 1: 0.676829268292683, 2: 0.8841463414634146, 3: 0.8567073170731707, 4: 0.7774390243902439, 5: 0.774390243902439}","{'total_batches': 8, 'valid_updates': 8, 'skipped_updates': 0, 'nonfinite_loss': 0, 'nonfinite_gradients': 0, 'skip_ratio': 0.0, 'is_valid_epoch': True, 'first_bad_parameter': None, 'max_gradient_norm': 1.640025019645691, 'min_gradient_norm': 0.7008419036865234, 'gradient_nan_elements': 0, 'gradient_inf_elements': 0, 'stability_status': 'healthy', 'stability_skip_ratio': 0.0}",True,46.59381103515625,0.3276005983352661,live,0.35060975609756095,0.595928218033206,0.5849997925092361,True,0.22631332082551592,True,[],[],[],0,[]
106,8,848,0.6181054237561349,0.6181054237561349,0.6166820989714729,0.0,0.0,0.0,0.0,0.5982905982905983,0.000275808391954984,1.2210960686206818,1432.453125,9.820883989334106,1.1901557678129615,1.1901557678129615,0.0,0.0,0.0,0.3892315724911595,0.3305279326996153,0.3892315724911595,0.3119477801867115,0.4643056209677902,0.36890243902439024,0.3969730288775248,"[0.5813953488372093, 0.5588235294117647, 0.1, 0.38461538461538464, 0.15, 0.20833333333333334]","[0.46296296296296297, 0.336283185840708, 0.6666666666666666, 0.2777777777777778, 0.32142857142857145, 0.2702702702702703]","[0.5154639175257731, 0.4198895027624309, 0.17391304347826086, 0.3225806451612903, 0.20454545454545456, 0.23529411764705882]","[108, 113, 6, 36, 28, 37]","{0: 0.7134146341463414, 1: 0.6798780487804879, 2: 0.8841463414634146, 3: 0.8719512195121951, 4: 0.7865853658536586, 5: 0.801829268292683}","{'total_batches': 8, 'valid_updates': 8, 'skipped_updates': 0, 'nonfinite_loss': 0, 'nonfinite_gradients': 0, 'skip_ratio': 0.0, 'is_valid_epoch': True, 'first_bad_parameter': None, 'max_gradient_norm': 2.8118510246276855, 'min_gradient_norm': 0.8158068656921387, 'gradient_nan_elements': 0, 'gradient_inf_elements': 0, 'stability_status': 'healthy', 'stability_skip_ratio': 0.0}",True,46.59971237182617,0.3083369731903076,live,0.36890243902439024,0.5720503440568266,0.5734736688414886,True,0.22938815926620804,True,[],[],[],0,[]
107,8,856,0.6214846342037885,0.6214846342037885,0.6139320445875837,0.0,0.0,0.0,0.0,0.5641025641025641,0.0002646480339173337,1.2415831312537193,1431.984375,9.942024946212769,1.3747737233231707,1.3747737233231707,0.0,0.0,0.0,0.41422037292243785,0.3440307390165103,0.41422037292243785,0.3270027361756119,0.4936141382596103,0.3780487804878049,0.4019832814134378,"[0.5595238095238095, 0.6792452830188679, 0.11764705882352941, 0.3090909090909091, 0.20689655172413793, 0.1917808219178082]","[0.4351851851851852, 0.3185840707964602, 0.6666666666666666, 0.4722222222222222, 0.21428571428571427, 0.3783783783783784]","[0.4895833333333333, 0.43373493975903615, 0.2, 0.37362637362637363, 0.21052631578947367, 0.2545454545454545]","[108, 113, 6, 36, 28, 37]","{0: 0.7012195121951219, 1: 0.7134146341463414, 2: 0.9024390243902439, 3: 0.8262195121951219, 4: 0.8628048780487805, 5: 0.75}","{'total_batches': 8, 'valid_updates': 8, 'skipped_updates': 0, 'nonfinite_loss': 0, 'nonfinite_gradients': 0, 'skip_ratio': 0.0, 'is_valid_epoch': True, 'first_bad_parameter': None, 'max_gradient_norm': 2.0506083965301514, 'min_gradient_norm': 0.8288991451263428, 'gradient_nan_elements': 0, 'gradient_inf_elements': 0, 'stability_status': 'healthy', 'stability_skip_ratio': 0.0}",True,46.602081298828125,0.328063428401947,live,0.3780487804878049,0.7532890891193822,0.7608416787355871,True,0.18605378361475922,True,[],[],[],0,[]
108,8,864,0.6255060036977133,0.6255060036977133,0.6399041495771489,0.0,0.0,0.0,0.0,0.5641025641025641,0.00025363632922585427,1.347860224545002,1432.03271484375,9.798766136169434,1.1869675735147989,1.1869675735147989,0.0,0.0,0.0,0.3430118909469942,0.3110297055885291,0.3430118909469942,0.3085840205704916,0.43521762760195326,0.38109756097560976,0.400913023585695,"[0.5227272727272727, 0.5340909090909091, 0.07692307692307693, 0.35714285714285715, 0.14, 0.23529411764705882]","[0.42592592592592593, 0.415929203539823, 0.3333333333333333, 0.4166666666666667, 0.25, 0.21621621621621623]","[0.46938775510204084, 0.46766169154228854, 0.125, 0.38461538461538464, 0.1794871794871795, 0.22535211267605634]","[108, 113, 6, 36, 28, 37]","{0: 0.6829268292682927, 1: 0.6737804878048781, 2: 0.9146341463414634, 3: 0.8536585365853658, 4: 0.8048780487804879, 5: 0.8323170731707317}","{'total_batches': 8, 'valid_updates': 8, 'skipped_updates': 0, 'nonfinite_loss': 0, 'nonfinite_gradients': 0, 'skip_ratio': 0.0, 'is_valid_epoch': True, 'first_bad_parameter': None, 'max_gradient_norm': 2.6018614768981934, 'min_gradient_norm': 0.8355699777603149, 'gradient_nan_elements': 0, 'gradient_inf_elements': 0, 'stability_status': 'healthy', 'stability_skip_ratio': 0.0}",True,46.61208724975586,0.3100231885910034,live,0.38109756097560976,0.5614615698170856,0.54706342393765,True,0.18300500312695434,True,[],[],[],0,[]
109,8,872,0.5902582427375337,0.5902582427375337,0.583645316780123,0.0,0.0,0.0,0.0,0.5897435897435898,0.00024278023310924675,1.1810816004872322,1432.328125,9.954865455627441,1.3342382384509575,1.3342382384509575,0.0,0.0,0.0,0.38026975563848714,0.3175510568233684,0.38026975563848714,0.2994285749268424,0.45685367099622465,0.35365853658536583,0.3827726182310003,"[0.6052631578947368, 0.5373134328358209, 0.09090909090909091, 0.3225806451612903, 0.14634146341463414, 0.2028985507246377]","[0.42592592592592593, 0.3185840707964602, 0.6666666666666666, 0.2777777777777778, 0.21428571428571427, 0.3783783783783784]","[0.5, 0.4, 0.16, 0.29850746268656714, 0.17391304347826086, 0.2641509433962264]","[108, 113, 6, 36, 28, 37]","{0: 0.7195121951219512, 1: 0.6707317073170732, 2: 0.8719512195121951, 3: 0.8567073170731707, 4: 0.8262195121951219, 5: 0.7621951219512195}","{'total_batches': 8, 'valid_updates': 8, 'skipped_updates': 0, 'nonfinite_loss': 0, 'nonfinite_gradients': 0, 'skip_ratio': 0.0, 'is_valid_epoch': True, 'first_bad_parameter': None, 'max_gradient_norm': 1.429916501045227, 'min_gradient_norm': 0.9184212684631348, 'gradient_nan_elements': 0, 'gradient_inf_elements': 0, 'stability_status': 'healthy', 'stability_skip_ratio': 0.0}",True,46.61537170410156,0.26644331216812134,live,0.35365853658536583,0.7439799957134238,0.7505929216708345,True,0.23608505315822392,True,[],[],[],0,[]
110,8,880,0.6176533159027752,0.6176533159027752,0.6228918794892792,0.0,0.0,0.0,0.0,0.594017094017094,0.00023208660251050156,1.2424261420965195,1432.50146484375,9.773973226547241,1.190648020767584,1.190648020767584,0.0,0.0,0.0,0.40493095286605607,0.33623162653494765,0.40493095286605607,0.3386465213006456,0.44485410116800644,0.39939024390243905,0.4154983665472046,"[0.5384615384615384, 0.5108695652173914, 0.13333333333333333, 0.47058823529411764, 0.13157894736842105, 0.23255813953488372]","[0.4537037037037037, 0.415929203539823, 0.6666666666666666, 0.4444444444444444, 0.17857142857142858, 0.2702702702702703]","[0.49246231155778897, 0.4585365853658537, 0.2222222222222222, 0.45714285714285713, 0.15151515151515152, 0.25]","[108, 113, 6, 36, 28, 37]","{0: 0.6920731707317073, 1: 0.6615853658536586, 2: 0.9146341463414634, 3: 0.8841463414634146, 4: 0.8292682926829268, 5: 0.8170731707317073}","{'total_batches': 8, 'valid_updates': 8, 'skipped_updates': 0, 'nonfinite_loss': 0, 'nonfinite_gradients': 0, 'skip_ratio': 0.0, 'is_valid_epoch': True, 'first_bad_parameter': None, 'max_gradient_norm': 2.7533698081970215, 'min_gradient_norm': 0.8312515616416931, 'gradient_nan_elements': 0, 'gradient_inf_elements': 0, 'stability_status': 'healthy', 'stability_skip_ratio': 0.0}",True,46.62270736694336,0.24432972073554993,live,0.39939024390243905,0.5729947048648089,0.5677561412783049,True,0.19462685011465497,True,[],[],[],0,[]
111,8,888,0.5892842559732943,0.5892842559732943,0.5840358566015195,0.0,0.0,0.0,0.0,0.5897435897435898,0.0002215621917559062,0.9945250600576401,1432.453125,9.956958055496216,1.33746405636392,1.33746405636392,0.0,0.0,0.0,0.3756130762030467,0.3133679115277548,0.3756130762030467,0.2931658719299873,0.4555439504276824,0.3475609756097561,0.3769494488784743,"[0.5609756097560976, 0.5833333333333334, 0.08163265306122448, 0.28125, 0.16666666666666666, 0.20634920634920634]","[0.42592592592592593, 0.30973451327433627, 0.6666666666666666, 0.25, 0.25, 0.35135135135135137]","[0.4842105263157895, 0.4046242774566474, 0.14545454545454545, 0.2647058823529412, 0.2, 0.26]","[108, 113, 6, 36, 28, 37]","{0: 0.7012195121951219, 1: 0.6859756097560976, 2: 0.8567073170731707, 3: 0.8475609756097561, 4: 0.8292682926829268, 5: 0.774390243902439}","{'total_batches': 8, 'valid_updates': 8, 'skipped_updates': 0, 'nonfinite_loss': 0, 'nonfinite_gradients': 0, 'skip_ratio': 0.0, 'is_valid_epoch': True, 'first_bad_parameter': None, 'max_gradient_norm': 1.5136253833770752, 'min_gradient_norm': 0.776626706123352, 'gradient_nan_elements': 0, 'gradient_inf_elements': 0, 'stability_status': 'healthy', 'stability_skip_ratio': 0.0}",True,46.62716293334961,0.24334420263767242,live,0.3475609756097561,0.7481798003906257,0.7534281997624005,True,0.24218261413383368,True,[],[],[],0,[]
112,8,896,0.6235111126532922,0.6235111126532922,0.6336031056876875,0.0,0.0,0.0,0.0,0.5982905982905983,0.0002112136482888663,1.1606929898262024,1431.984375,10.1340811252594,1.278714540528088,1.278714540528088,0.0,0.0,0.0,0.4096319771098533,0.3335280900510464,0.4096319771098533,0.32629256212887736,0.45809452453608906,0.36585365853658536,0.3906436566232963,"[0.5921052631578947, 0.5151515151515151, 0.11428571428571428, 0.38636363636363635, 0.11666666666666667, 0.2765957446808511]","[0.4166666666666667, 0.3008849557522124, 0.6666666666666666, 0.4722222222222222, 0.25, 0.35135135135135137]","[0.4891304347826087, 0.37988826815642457, 0.1951219512195122, 0.425, 0.1590909090909091, 0.30952380952380953]","[108, 113, 6, 36, 28, 37]","{0: 0.7134146341463414, 1: 0.6615853658536586, 2: 0.899390243902439, 3: 0.8597560975609756, 4: 0.774390243902439, 5: 0.823170731707317}","{'total_batches': 8, 'valid_updates': 8, 'skipped_updates': 0, 'nonfinite_loss': 0, 'nonfinite_gradients': 0, 'skip_ratio': 0.0, 'is_valid_epoch': True, 'first_bad_parameter': None, 'max_gradient_norm': 2.053474187850952, 'min_gradient_norm': 0.8201725482940674, 'gradient_nan_elements': 0, 'gradient_inf_elements': 0, 'stability_status': 'healthy', 'stability_skip_ratio': 0.0}",True,46.634727478027344,0.20966652035713196,live,0.36585365853658536,0.6552034278747958,0.6451114348404005,True,0.23243693975401292,True,[],[],[],0,[]
113,8,904,0.6271684434678819,0.6271684434678819,0.6393727446213747,0.0,0.0,0.0,0.0,0.5683760683760684,0.00020104750847124077,1.267915017902851,1432.03271484375,10.875959873199463,1.2172920267756393,1.2172920267756393,0.0,0.0,0.0,0.40499507092427445,0.3304110268816151,0.40499507092427445,0.3304942849294091,0.4547631612767911,0.3902439024390244,0.41018205050626444,"[0.5604395604395604, 0.5466666666666666, 0.12121212121212122, 0.38461538461538464, 0.15384615384615385, 0.21568627450980393]","[0.4722222222222222, 0.36283185840707965, 0.6666666666666666, 0.4166666666666667, 0.21428571428571427, 0.2972972972972973]","[0.5125628140703518, 0.43617021276595747, 0.20512820512820512, 0.4, 0.1791044776119403, 0.25]","[108, 113, 6, 36, 28, 37]","{0: 0.7042682926829268, 1: 0.676829268292683, 2: 0.9054878048780488, 3: 0.8628048780487805, 4: 0.8323170731707317, 5: 0.7987804878048781}","{'total_batches': 8, 'valid_updates': 8, 'skipped_updates': 0, 'nonfinite_loss': 0, 'nonfinite_gradients': 0, 'skip_ratio': 0.0, 'is_valid_epoch': True, 'first_bad_parameter': None, 'max_gradient_norm': 2.2679944038391113, 'min_gradient_norm': 0.702419102191925, 'gradient_nan_elements': 0, 'gradient_inf_elements': 0, 'stability_status': 'healthy', 'stability_skip_ratio': 0.0}",True,46.6363525390625,0.1963355392217636,live,0.3902439024390244,0.5901235833077574,0.5779192821542646,True,0.17813216593704395,True,[],[],[],0,[]
114,8,912,0.5535934455374367,0.5535934455374367,0.5474254004975669,0.0,0.0,0.0,0.0,0.6324786324786325,0.0001910701934548329,1.0731114596128464,1432.328125,10.292374610900879,1.277106308355564,1.277106308355564,0.0,0.0,0.0,0.3959975040358521,0.3258682180436201,0.3959975040358521,0.31903091244867626,0.4589402100415116,0.3780487804878049,0.40368751136427566,"[0.5952380952380952, 0.5342465753424658, 0.1, 0.375, 0.13333333333333333, 0.21739130434782608]","[0.46296296296296297, 0.34513274336283184, 0.6666666666666666, 0.4166666666666667, 0.21428571428571427, 0.2702702702702703]","[0.5208333333333334, 0.41935483870967744, 0.17391304347826086, 0.39473684210526316, 0.1643835616438356, 0.24096385542168675]","[108, 113, 6, 36, 28, 37]","{0: 0.7195121951219512, 1: 0.6707317073170732, 2: 0.8841463414634146, 3: 0.8597560975609756, 4: 0.8140243902439024, 5: 0.8079268292682927}","{'total_batches': 8, 'valid_updates': 8, 'skipped_updates': 0, 'nonfinite_loss': 0, 'nonfinite_gradients': 0, 'skip_ratio': 0.0, 'is_valid_epoch': True, 'first_bad_parameter': None, 'max_gradient_norm': 2.036806106567383, 'min_gradient_norm': 0.7302432060241699, 'gradient_nan_elements': 0, 'gradient_inf_elements': 0, 'stability_status': 'healthy', 'stability_skip_ratio': 0.0}",True,46.64191818237305,0.17892470955848694,live,0.3780487804878049,0.7235128628181273,0.7296809078579971,True,0.25442985199082757,True,[],[],[],0,[]
115,8,920,0.6018104736621563,0.6018104736621563,0.5910176960831015,0.0,0.0,0.0,0.0,0.594017094017094,0.00018128800512565513,1.2133168801665306,1432.50146484375,9.517396926879883,1.3228709814025135,1.3228709814025135,0.0,0.0,0.0,0.4019842113499931,0.33144675407606444,0.4019842113499931,0.31613532913304077,0.4737517627919226,0.3628048780487805,0.39072328538798934,"[0.6103896103896104, 0.5689655172413793, 0.1, 0.35714285714285715, 0.14583333333333334, 0.20634920634920634]","[0.4351851851851852, 0.2920353982300885, 0.6666666666666666, 0.4166666666666667, 0.25, 0.35135135135135137]","[0.5081081081081081, 0.38596491228070173, 0.17391304347826086, 0.38461538461538464, 0.18421052631578946, 0.26]","[108, 113, 6, 36, 28, 37]","{0: 0.7225609756097561, 1: 0.6798780487804879, 2: 0.8841463414634146, 3: 0.8536585365853658, 4: 0.8109756097560976, 5: 0.774390243902439}","{'total_batches': 8, 'valid_updates': 8, 'skipped_updates': 0, 'nonfinite_loss': 0, 'nonfinite_gradients': 0, 'skip_ratio': 0.0, 'is_valid_epoch': True, 'first_bad_parameter': None, 'max_gradient_norm': 1.998171329498291, 'min_gradient_norm': 0.6981935501098633, 'gradient_nan_elements': 0, 'gradient_inf_elements': 0, 'stability_status': 'healthy', 'stability_skip_ratio': 0.0}",True,46.64486312866211,0.17325767874717712,live,0.3628048780487805,0.7210605077403571,0.731853285319412,True,0.23121221596831354,True,[],[],[],0,[]
116,8,928,0.5773849140884529,0.5773849140884529,0.5828569582384876,0.0,0.0,0.0,0.0,0.6410256410256411,0.00017170712212352185,1.1535078138113022,1432.453125,9.572301387786865,1.250263891568998,1.250263891568998,0.0,0.0,0.0,0.3682453523898952,0.3150990699010648,0.3682453523898952,0.30603660463038246,0.44537072732517075,0.3567073170731707,0.38160841569423004,"[0.5662650602409639, 0.53125, 0.09375, 0.36363636363636365, 0.13114754098360656, 0.20454545454545456]","[0.4351851851851852, 0.3008849557522124, 0.5, 0.4444444444444444, 0.2857142857142857, 0.24324324324324326]","[0.49214659685863876, 0.384180790960452, 0.15789473684210525, 0.4, 0.1797752808988764, 0.2222222222222222]","[108, 113, 6, 36, 28, 37]","{0: 0.7042682926829268, 1: 0.6676829268292683, 2: 0.9024390243902439, 3: 0.8536585365853658, 4: 0.7774390243902439, 5: 0.8079268292682927}","{'total_batches': 8, 'valid_updates': 8, 'skipped_updates': 0, 'nonfinite_loss': 0, 'nonfinite_gradients': 0, 'skip_ratio': 0.0, 'is_valid_epoch': True, 'first_bad_parameter': None, 'max_gradient_norm': 1.870070457458496, 'min_gradient_norm': 0.7528815269470215, 'gradient_nan_elements': 0, 'gradient_inf_elements': 0, 'stability_status': 'healthy', 'stability_skip_ratio': 0.0}",True,46.651493072509766,0.15794669091701508,live,0.3567073170731707,0.6728789774805451,0.6674069333305105,True,0.28431832395247036,True,[],[],[],0,[]
117,8,936,0.6330327595401014,0.6330327595401014,0.6406782677030971,0.0,0.0,0.0,0.0,0.5769230769230769,0.00016233359593948777,1.11699478328228,1431.984375,9.739629745483398,1.2660014396760522,1.2660014396760522,0.0,0.0,0.0,0.39598917290657704,0.33651100204323176,0.39598917290657704,0.3143711887635134,0.47085582719365526,0.36585365853658536,0.389942460309791,"[0.5789473684210527, 0.5686274509803921, 0.0975609756097561, 0.4, 0.12903225806451613, 0.24489795918367346]","[0.5092592592592593, 0.25663716814159293, 0.6666666666666666, 0.3333333333333333, 0.2857142857142857, 0.32432432432432434]","[0.541871921182266, 0.35365853658536583, 0.1702127659574468, 0.36363636363636365, 0.17777777777777778, 0.27906976744186046]","[108, 113, 6, 36, 28, 37]","{0: 0.7164634146341463, 1: 0.676829268292683, 2: 0.8810975609756098, 3: 0.8719512195121951, 4: 0.774390243902439, 5: 0.8109756097560976}","{'total_batches': 8, 'valid_updates': 8, 'skipped_updates': 0, 'nonfinite_loss': 0, 'nonfinite_gradients': 0, 'skip_ratio': 0.0, 'is_valid_epoch': True, 'first_bad_parameter': None, 'max_gradient_norm': 2.5706427097320557, 'min_gradient_norm': 0.8133512735366821, 'gradient_nan_elements': 0, 'gradient_inf_elements': 0, 'stability_status': 'healthy', 'stability_skip_ratio': 0.0}",True,46.65521240234375,0.1799747347831726,live,0.36585365853658536,0.6329686801359508,0.6253231719729551,True,0.21106941838649151,True,[],[],[],0,[]
118,8,944,0.5761053108761454,0.5761053108761454,0.5772206829144404,0.0,0.0,0.0,0.0,0.6196581196581197,0.0001531733470935976,1.1269670873880386,1432.03271484375,9.823394060134888,1.3201006156642263,1.3201006156642263,0.0,0.0,0.0,0.4051843141076179,0.3312059564379885,0.4051843141076179,0.3225568202687311,0.467929402011588,0.38109756097560976,0.4047420843397612,"[0.5888888888888889, 0.5645161290322581, 0.09302325581395349, 0.3409090909090909, 0.17073170731707318, 0.22916666666666666]","[0.49074074074074076, 0.30973451327433627, 0.6666666666666666, 0.4166666666666667, 0.25, 0.2972972972972973]","[0.5353535353535354, 0.4, 0.16326530612244897, 0.375, 0.2028985507246377, 0.25882352941176473]","[108, 113, 6, 36, 28, 37]","{0: 0.7195121951219512, 1: 0.6798780487804879, 2: 0.875, 3: 0.8475609756097561, 4: 0.8323170731707317, 5: 0.8079268292682927}","{'total_batches': 8, 'valid_updates': 8, 'skipped_updates': 0, 'nonfinite_loss': 0, 'nonfinite_gradients': 0, 'skip_ratio': 0.0, 'is_valid_epoch': True, 'first_bad_parameter': None, 'max_gradient_norm': 1.8053276538848877, 'min_gradient_norm': 0.7153381705284119, 'gradient_nan_elements': 0, 'gradient_inf_elements': 0, 'stability_status': 'healthy', 'stability_skip_ratio': 0.0}",True,46.656097412109375,0.18454080820083618,live,0.38109756097560976,0.743995304788081,0.7428799327497859,True,0.23856055868250992,True,[],[],[],0,[]
119,8,952,0.5861977236902612,0.5861977236902612,0.5819318870193938,0.0,0.0,0.0,0.0,0.6367521367521367,0.00014423216139535734,1.065193459391594,1432.328125,9.439769506454468,1.2608657697351968,1.2608657697351968,0.0,0.0,0.0,0.4034930948647763,0.330342748660372,0.4034930948647763,0.3255509373895537,0.4544199495162252,0.3780487804878049,0.4012589251732543,"[0.5647058823529412, 0.5342465753424658, 0.1111111111111111, 0.37209302325581395, 0.12962962962962962, 0.2702702702702703]","[0.4444444444444444, 0.34513274336283184, 0.6666666666666666, 0.4444444444444444, 0.25, 0.2702702702702703]","[0.49740932642487046, 0.41935483870967744, 0.19047619047619047, 0.4050632911392405, 0.17073170731707318, 0.2702702702702703]","[108, 113, 6, 36, 28, 37]","{0: 0.7042682926829268, 1: 0.6707317073170732, 2: 0.8963414634146342, 3: 0.8567073170731707, 4: 0.7926829268292683, 5: 0.8353658536585366}","{'total_batches': 8, 'valid_updates': 8, 'skipped_updates': 0, 'nonfinite_loss': 0, 'nonfinite_gradients': 0, 'skip_ratio': 0.0, 'is_valid_epoch': True, 'first_bad_parameter': None, 'max_gradient_norm': 1.4170011281967163, 'min_gradient_norm': 0.938292384147644, 'gradient_nan_elements': 0, 'gradient_inf_elements': 0, 'stability_status': 'healthy', 'stability_skip_ratio': 0.0}",True,46.66021728515625,0.15115013718605042,live,0.3780487804878049,0.6746680460449356,0.678933882715803,True,0.25870335626433183,True,[],[],[],0,[]
120,8,960,0.6050241319542258,0.6050241319542258,0.5953020524774861,0.0,0.0,0.0,0.0,0.6068376068376068,0.00013551568628929433,1.2697191908955574,1432.50146484375,9.94502305984497,1.317493398015092,1.317493398015092,0.0,0.0,0.0,0.3884138563342103,0.314584073436241,0.3884138563342103,0.30175695799546487,0.44633041688220854,0.34146341463414637,0.36811402459526743,"[0.5915492957746479, 0.5161290322580645, 0.1, 0.35555555555555557, 0.1346153846153846, 0.1896551724137931]","[0.3888888888888889, 0.2831858407079646, 0.6666666666666666, 0.4444444444444444, 0.25, 0.2972972972972973]","[0.4692737430167598, 0.3657142857142857, 0.17391304347826086, 0.3950617283950617, 0.175, 0.23157894736842105]","[108, 113, 6, 36, 28, 37]","{0: 0.7103658536585366, 1: 0.6615853658536586, 2: 0.8841463414634146, 3: 0.850609756097561, 4: 0.7987804878048781, 5: 0.7774390243902439}","{'total_batches': 8, 'valid_updates': 8, 'skipped_updates': 0, 'nonfinite_loss': 0, 'nonfinite_gradients': 0, 'skip_ratio': 0.0, 'is_valid_epoch': True, 'first_bad_parameter': None, 'max_gradient_norm': 1.9078456163406372, 'min_gradient_norm': 0.9181990027427673, 'gradient_nan_elements': 0, 'gradient_inf_elements': 0, 'stability_status': 'healthy', 'stability_skip_ratio': 0.0}",True,46.66514587402344,0.13212381303310394,live,0.34146341463414637,0.7124692660608662,0.7221913455376059,True,0.2653741922034604,True,[],[],[],0,[]
121,8,968,0.6009685086388873,0.6009685086388873,0.598488164253724,0.0,0.0,0.0,0.0,0.5598290598290598,0.00012702942728790896,1.2078319042921066,1432.453125,9.794758319854736,1.2737952819684657,1.2737952819684657,0.0,0.0,0.0,0.4131891056669818,0.3400365774161617,0.4131891056669818,0.33465767619600806,0.4770531846171694,0.39939024390243905,0.4192014046861457,"[0.6185567010309279, 0.5573770491803278, 0.11428571428571428, 0.4, 0.15, 0.2]","[0.5555555555555556, 0.3008849557522124, 0.6666666666666666, 0.4444444444444444, 0.21428571428571427, 0.2972972972972973]","[0.5853658536585366, 0.39080459770114945, 0.1951219512195122, 0.42105263157894735, 0.17647058823529413, 0.2391304347826087]","[108, 113, 6, 36, 28, 37]","{0: 0.7408536585365854, 1: 0.676829268292683, 2: 0.899390243902439, 3: 0.8658536585365854, 4: 0.8292682926829268, 5: 0.7865853658536586}","{'total_batches': 8, 'valid_updates': 8, 'skipped_updates': 0, 'nonfinite_loss': 0, 'nonfinite_gradients': 0, 'skip_ratio': 0.0, 'is_valid_epoch': True, 'first_bad_parameter': None, 'max_gradient_norm': 2.2965075969696045, 'min_gradient_norm': 0.6769464015960693, 'gradient_nan_elements': 0, 'gradient_inf_elements': 0, 'stability_status': 'healthy', 'stability_skip_ratio': 0.0}",True,46.667701721191406,0.1349170058965683,live,0.39939024390243905,0.6728267733295784,0.6753071177147417,True,0.1604388159266208,True,[],[],[],0,[]
122,8,976,0.5759559589573461,0.5759559589573461,0.5726952180903182,0.0,0.0,0.0,0.0,0.6410256410256411,0.00011877874449427601,1.075319543480873,1431.984375,9.93162727355957,1.2529322635836717,1.2529322635836717,0.0,0.0,0.0,0.41418604656067787,0.34219917849048814,0.41418604656067787,0.3386787792100309,0.46720742761432976,0.39634146341463417,0.41957016441735756,"[0.5813953488372093, 0.5384615384615384, 0.10526315789473684, 0.4358974358974359, 0.13636363636363635, 0.2558139534883721]","[0.46296296296296297, 0.37168141592920356, 0.6666666666666666, 0.4722222222222222, 0.21428571428571427, 0.2972972972972973]","[0.5154639175257731, 0.4397905759162304, 0.18181818181818182, 0.4533333333333333, 0.16666666666666666, 0.275]","[108, 113, 6, 36, 28, 37]","{0: 0.7134146341463414, 1: 0.6737804878048781, 2: 0.8902439024390244, 3: 0.875, 4: 0.8170731707317073, 5: 0.823170731707317}","{'total_batches': 8, 'valid_updates': 8, 'skipped_updates': 0, 'nonfinite_loss': 0, 'nonfinite_gradients': 0, 'skip_ratio': 0.0, 'is_valid_epoch': True, 'first_bad_parameter': None, 'max_gradient_norm': 1.5526750087738037, 'min_gradient_norm': 0.566397488117218, 'gradient_nan_elements': 0, 'gradient_inf_elements': 0, 'stability_status': 'healthy', 'stability_skip_ratio': 0.0}",True,46.67408752441406,0.12876415252685547,live,0.39634146341463417,0.6769763046263256,0.6802370454933535,True,0.24468417761100691,True,[],[],[],0,[]
123,8,984,0.5716257900254339,0.5716257900254339,0.5667691551722013,0.0,0.0,0.0,0.0,0.6367521367521367,0.00011076884921648833,1.162911593914032,1432.03271484375,9.940603256225586,1.2828261154453928,1.2828261154453928,0.0,0.0,0.0,0.37736530251279515,0.3291181041181041,0.37736530251279515,0.3183624936986053,0.47572239752117795,0.3871951219512195,0.41448694779282563,"[0.625, 0.5606060606060606, 0.075, 0.3333333333333333, 0.15, 0.23076923076923078]","[0.5092592592592593, 0.3274336283185841, 0.5, 0.3888888888888889, 0.21428571428571427, 0.32432432432432434]","[0.5612244897959183, 0.4134078212290503, 0.13043478260869565, 0.358974358974359, 0.17647058823529413, 0.2696629213483146]","[108, 113, 6, 36, 28, 37]","{0: 0.7378048780487805, 1: 0.6798780487804879, 2: 0.8780487804878049, 3: 0.8475609756097561, 4: 0.8292682926829268, 5: 0.801829268292683}","{'total_batches': 8, 'valid_updates': 8, 'skipped_updates': 0, 'nonfinite_loss': 0, 'nonfinite_gradients': 0, 'skip_ratio': 0.0, 'is_valid_epoch': True, 'first_bad_parameter': None, 'max_gradient_norm': 2.3740406036376953, 'min_gradient_norm': 0.7458289861679077, 'gradient_nan_elements': 0, 'gradient_inf_elements': 0, 'stability_status': 'healthy', 'stability_skip_ratio': 0.0}",True,46.678924560546875,0.12146138399839401,live,0.3871951219512195,0.7112003254199589,0.7160569602731915,True,0.2495570148009172,True,[],[],[],0,[]
124,8,992,0.6102452838522756,0.6102452838522756,0.6099005489267855,0.0,0.0,0.0,0.0,0.594017094017094,0.00010300480067608231,1.312394268810749,1432.328125,9.789397954940796,1.2503976996352033,1.2503976996352033,0.0,0.0,0.0,0.37898823813278093,0.32816418013366494,0.37898823813278093,0.3214051594110882,0.4592608646741827,0.38414634146341464,0.40615782120691757,"[0.5957446808510638, 0.5230769230769231, 0.09090909090909091, 0.3684210526315789, 0.12, 0.2708333333333333]","[0.5185185185185185, 0.3008849557522124, 0.5, 0.3888888888888889, 0.21428571428571427, 0.35135135135135137]","[0.5544554455445545, 0.38202247191011235, 0.15384615384615385, 0.3783783783783784, 0.15384615384615385, 0.3058823529411765]","[108, 113, 6, 36, 28, 37]","{0: 0.725609756097561, 1: 0.6646341463414634, 2: 0.899390243902439, 3: 0.8597560975609756, 4: 0.7987804878048781, 5: 0.8201219512195121}","{'total_batches': 8, 'valid_updates': 8, 'skipped_updates': 0, 'nonfinite_loss': 0, 'nonfinite_gradients': 0, 'skip_ratio': 0.0, 'is_valid_epoch': True, 'first_bad_parameter': None, 'max_gradient_norm': 2.6396334171295166, 'min_gradient_norm': 0.9483832716941833, 'gradient_nan_elements': 0, 'gradient_inf_elements': 0, 'stability_status': 'healthy', 'stability_skip_ratio': 0.0}",True,46.682708740234375,0.1053086593747139,live,0.38414634146341464,0.6401524157829277,0.6404971507084178,True,0.20987075255367937,True,[],[],[],0,[]
125,8,1000,0.537445457572611,0.537445457572611,0.5313362438454587,0.0,0.0,0.0,0.0,0.6452991452991453,9.549150281252633e-05,1.1205768138170242,1432.50146484375,10.011171102523804,1.2653380952230313,1.2653380952230313,0.0,0.0,0.0,0.39862049154084556,0.33779403203606195,0.39862049154084556,0.3324600585774878,0.47013696944628286,0.3871951219512195,0.4067578478614725,"[0.5934065934065934, 0.5517241379310345, 0.1, 0.36363636363636365, 0.15384615384615385, 0.2641509433962264]","[0.5, 0.2831858407079646, 0.5, 0.4444444444444444, 0.2857142857142857, 0.3783783783783784]","[0.542713567839196, 0.3742690058479532, 0.16666666666666666, 0.4, 0.2, 0.3111111111111111]","[108, 113, 6, 36, 28, 37]","{0: 0.7225609756097561, 1: 0.6737804878048781, 2: 0.9085365853658537, 3: 0.8536585365853658, 4: 0.8048780487804879, 5: 0.8109756097560976}","{'total_batches': 8, 'valid_updates': 8, 'skipped_updates': 0, 'nonfinite_loss': 0, 'nonfinite_gradients': 0, 'skip_ratio': 0.0, 'is_valid_epoch': True, 'first_bad_parameter': None, 'max_gradient_norm': 1.5517797470092773, 'min_gradient_norm': 0.8009150624275208, 'gradient_nan_elements': 0, 'gradient_inf_elements': 0, 'stability_status': 'healthy', 'stability_skip_ratio': 0.0}",True,46.68418884277344,0.10091722756624222,live,0.3871951219512195,0.7278926376504203,0.7340018513775726,True,0.2581040233479258,True,[],[],[],0,[]
126,8,1008,0.5408738326822591,0.5408738326822591,0.5406685318702307,0.0,0.0,0.0,0.0,0.6068376068376068,8.823370118578628e-05,1.1107326447963715,1432.453125,9.957030057907104,1.3083979094900735,1.3083979094900735,0.0,0.0,0.0,0.36518181687798207,0.31380892577488717,0.36518181687798207,0.3004011354648738,0.4529742066488428,0.3567073170731707,0.3821825985875311,"[0.6046511627906976, 0.5263157894736842, 0.07692307692307693, 0.3023255813953488, 0.14814814814814814, 0.22448979591836735]","[0.48148148148148145, 0.26548672566371684, 0.5, 0.3611111111111111, 0.2857142857142857, 0.2972972972972973]","[0.5360824742268041, 0.35294117647058826, 0.13333333333333333, 0.3291139240506329, 0.1951219512195122, 0.2558139534883721]","[108, 113, 6, 36, 28, 37]","{0: 0.725609756097561, 1: 0.6646341463414634, 2: 0.8810975609756098, 3: 0.8384146341463414, 4: 0.7987804878048781, 5: 0.8048780487804879}","{'total_batches': 8, 'valid_updates': 8, 'skipped_updates': 0, 'nonfinite_loss': 0, 'nonfinite_gradients': 0, 'skip_ratio': 0.0, 'is_valid_epoch': True, 'first_bad_parameter': None, 'max_gradient_norm': 2.18062686920166, 'min_gradient_norm': 0.7215089797973633, 'gradient_nan_elements': 0, 'gradient_inf_elements': 0, 'stability_status': 'healthy', 'stability_skip_ratio': 0.0}",True,46.68714904785156,0.08695248514413834,live,0.3567073170731707,0.7675240768078144,0.7677293776198428,True,0.2501302897644361,True,[],[],[],0,[]
127,8,1016,0.5609938487028464,0.5609938487028464,0.5529084294779688,0.0,0.0,0.0,0.0,0.6410256410256411,8.123597997892917e-05,1.2050876840949059,1431.984375,9.962747573852539,1.2961701358236917,1.2961701358236917,0.0,0.0,0.0,0.32540394376677567,0.29007278328161173,0.32540394376677567,0.2790296598382198,0.42125055521314164,0.3323170731707317,0.35684493744102125,"[0.5769230769230769, 0.47619047619047616, 0.06451612903225806, 0.2727272727272727, 0.12280701754385964, 0.22727272727272727]","[0.4166666666666667, 0.26548672566371684, 0.3333333333333333, 0.4166666666666667, 0.25, 0.2702702702702703]","[0.4838709677419355, 0.3409090909090909, 0.10810810810810811, 0.32967032967032966, 0.16470588235294117, 0.24691358024691357]","[108, 113, 6, 36, 28, 37]","{0: 0.7073170731707317, 1: 0.6463414634146342, 2: 0.899390243902439, 3: 0.8140243902439024, 4: 0.7835365853658537, 5: 0.8140243902439024}","{'total_batches': 8, 'valid_updates': 8, 'skipped_updates': 0, 'nonfinite_loss': 0, 'nonfinite_gradients': 0, 'skip_ratio': 0.0, 'is_valid_epoch': True, 'first_bad_parameter': None, 'max_gradient_norm': 1.8006972074508667, 'min_gradient_norm': 0.8715011477470398, 'gradient_nan_elements': 0, 'gradient_inf_elements': 0, 'stability_status': 'healthy', 'stability_skip_ratio': 0.0}",True,46.69098663330078,0.09727929532527924,live,0.3323170731707317,0.7351762871208453,0.7432617063457229,True,0.30870856785490935,True,[],[],[],0,[]
128,8,1024,0.5859528413185706,0.5859528413185706,0.5837945744522617,0.0,0.0,0.0,0.0,0.5854700854700855,7.450275910265413e-05,1.1303925812244415,1432.03271484375,9.785845279693604,1.3624975623154059,1.3624975623154059,0.0,0.0,0.0,0.3561274084872905,0.3009904570981344,0.3561274084872905,0.2837958586767777,0.4387561594178459,0.32621951219512196,0.3515796466007975,"[0.5972222222222222, 0.5094339622641509, 0.08108108108108109, 0.2727272727272727, 0.13793103448275862, 0.20754716981132076]","[0.39814814814814814, 0.23893805309734514, 0.5, 0.4166666666666667, 0.2857142857142857, 0.2972972972972973]","[0.4777777777777778, 0.3253012048192771, 0.13953488372093023, 0.32967032967032966, 0.18604651162790697, 0.24444444444444444]","[108, 113, 6, 36, 28, 37]","{0: 0.7134146341463414, 1: 0.6585365853658537, 2: 0.8871951219512195, 3: 0.8140243902439024, 4: 0.7865853658536586, 5: 0.7926829268292683}","{'total_batches': 8, 'valid_updates': 8, 'skipped_updates': 0, 'nonfinite_loss': 0, 'nonfinite_gradients': 0, 'skip_ratio': 0.0, 'is_valid_epoch': True, 'first_bad_parameter': None, 'max_gradient_norm': 1.6017706394195557, 'min_gradient_norm': 0.6630971431732178, 'gradient_nan_elements': 0, 'gradient_inf_elements': 0, 'stability_status': 'healthy', 'stability_skip_ratio': 0.0}",True,46.69379425048828,0.08332034945487976,live,0.32621951219512196,0.7765447209968352,0.7787029878631442,True,0.25925057327496354,True,[],[],[],0,[]
129,8,1032,0.5437621041240855,0.5437621041240855,0.5390072714569222,0.0,0.0,0.0,0.0,0.6282051282051282,6.803829140358236e-05,1.229148417711258,1432.328125,9.933509349822998,1.2702612644288598,1.2702612644288598,0.0,0.0,0.0,0.3650837415586678,0.315690836993931,0.3650837415586678,0.30279383899618856,0.45431282109841453,0.3597560975609756,0.3857931922482595,"[0.6046511627906976, 0.5254237288135594, 0.08108108108108109, 0.2926829268292683, 0.125, 0.2653061224489796]","[0.48148148148148145, 0.2743362831858407, 0.5, 0.3333333333333333, 0.25, 0.35135135135135137]","[0.5360824742268041, 0.36046511627906974, 0.13953488372093023, 0.3116883116883117, 0.16666666666666666, 0.3023255813953488]","[108, 113, 6, 36, 28, 37]","{0: 0.725609756097561, 1: 0.6646341463414634, 2: 0.8871951219512195, 3: 0.8384146341463414, 4: 0.7865853658536586, 5: 0.8170731707317073}","{'total_batches': 8, 'valid_updates': 8, 'skipped_updates': 0, 'nonfinite_loss': 0, 'nonfinite_gradients': 0, 'skip_ratio': 0.0, 'is_valid_epoch': True, 'first_bad_parameter': None, 'max_gradient_norm': 1.8544034957885742, 'min_gradient_norm': 0.9145159721374512, 'gradient_nan_elements': 0, 'gradient_inf_elements': 0, 'stability_status': 'healthy', 'stability_skip_ratio': 0.0}",True,46.69593048095703,0.08419539034366608,live,0.3597560975609756,0.7264991603047742,0.7312539929719376,True,0.2684490306441526,True,[],[],[],0,[]
130,8,1040,0.592747910409911,0.592747910409911,0.6025810603402618,0.0,0.0,0.0,0.0,0.5769230769230769,6.184665997806832e-05,1.3153386488556862,1432.50146484375,9.796024084091187,1.2249761034802693,1.2249761034802693,0.0,0.0,0.0,0.34669451372991195,0.31317164417068605,0.34669451372991195,0.30858729698821813,0.44055685184849275,0.3719512195121951,0.39430957494159996,"[0.5730337078651685, 0.5, 0.07407407407407407, 0.37209302325581395, 0.11538461538461539, 0.24444444444444444]","[0.4722222222222222, 0.3185840707964602, 0.3333333333333333, 0.4444444444444444, 0.21428571428571427, 0.2972972972972973]","[0.5177664974619289, 0.3891891891891892, 0.12121212121212122, 0.4050632911392405, 0.15, 0.2682926829268293]","[108, 113, 6, 36, 28, 37]","{0: 0.7103658536585366, 1: 0.6554878048780488, 2: 0.9115853658536586, 3: 0.8567073170731707, 4: 0.7926829268292683, 5: 0.8170731707317073}","{'total_batches': 8, 'valid_updates': 8, 'skipped_updates': 0, 'nonfinite_loss': 0, 'nonfinite_gradients': 0, 'skip_ratio': 0.0, 'is_valid_epoch': True, 'first_bad_parameter': None, 'max_gradient_norm': 2.2875185012817383, 'min_gradient_norm': 0.9544656872749329, 'gradient_nan_elements': 0, 'gradient_inf_elements': 0, 'stability_status': 'healthy', 'stability_skip_ratio': 0.0}",True,46.696319580078125,0.06546039134263992,live,0.3719512195121951,0.6322281930703583,0.6223950431400075,True,0.20497185741088175,True,[],[],[],0,[]
131,8,1048,0.5395241079167423,0.5395241079167423,0.5342211942387443,0.0,0.0,0.0,0.0,0.6282051282051282,5.593177559322776e-05,1.2681113183498383,1432.453125,9.9524986743927,1.3441381745222138,1.3441381745222138,0.0,0.0,0.0,0.3697702126905667,0.3151201507138232,0.3697702126905667,0.30307260529454977,0.455788643433548,0.3567073170731707,0.3833022613862138,"[0.6153846153846154, 0.5245901639344263, 0.07692307692307693, 0.29411764705882354, 0.14893617021276595, 0.23076923076923078]","[0.4444444444444444, 0.2831858407079646, 0.5, 0.4166666666666667, 0.25, 0.32432432432432434]","[0.5161290322580645, 0.367816091954023, 0.13333333333333333, 0.3448275862068966, 0.18666666666666668, 0.2696629213483146]","[108, 113, 6, 36, 28, 37]","{0: 0.725609756097561, 1: 0.6646341463414634, 2: 0.8810975609756098, 3: 0.8262195121951219, 4: 0.8140243902439024, 5: 0.801829268292683}","{'total_batches': 8, 'valid_updates': 8, 'skipped_updates': 0, 'nonfinite_loss': 0, 'nonfinite_gradients': 0, 'skip_ratio': 0.0, 'is_valid_epoch': True, 'first_bad_parameter': None, 'max_gradient_norm': 2.0957000255584717, 'min_gradient_norm': 0.7900418639183044, 'gradient_nan_elements': 0, 'gradient_inf_elements': 0, 'stability_status': 'healthy', 'stability_skip_ratio': 0.0}",True,46.696407318115234,0.07610169798135757,live,0.3567073170731707,0.8046140666054715,0.8099169802834696,True,0.2714978111319575,True,[],[],[],0,[]
132,8,1056,0.600001824207795,0.600001824207795,0.6048927954119495,0.0,0.0,0.0,0.0,0.6068376068376068,5.029737421681446e-05,1.3486731424927711,1431.984375,9.793093204498291,1.3724292836538174,1.3724292836538174,0.0,0.0,0.0,0.3573562500553651,0.3067737298655631,0.3573562500553651,0.2904587806070994,0.4475957281875589,0.3384146341463415,0.3677319775662789,"[0.5915492957746479, 0.532258064516129, 0.07317073170731707, 0.2641509433962264, 0.1346153846153846, 0.24489795918367346]","[0.3888888888888889, 0.2920353982300885, 0.5, 0.3888888888888889, 0.25, 0.32432432432432434]","[0.4692737430167598, 0.37714285714285717, 0.1276595744680851, 0.3146067415730337, 0.175, 0.27906976744186046]","[108, 113, 6, 36, 28, 37]","{0: 0.7103658536585366, 1: 0.6676829268292683, 2: 0.875, 3: 0.8140243902439024, 4: 0.7987804878048781, 5: 0.8109756097560976}","{'total_batches': 8, 'valid_updates': 8, 'skipped_updates': 0, 'nonfinite_loss': 0, 'nonfinite_gradients': 0, 'skip_ratio': 0.0, 'is_valid_epoch': True, 'first_bad_parameter': None, 'max_gradient_norm': 3.5055127143859863, 'min_gradient_norm': 0.8775284290313721, 'gradient_nan_elements': 0, 'gradient_inf_elements': 0, 'stability_status': 'healthy', 'stability_skip_ratio': 0.0}",True,46.69788360595703,0.05532649904489517,live,0.3384146341463415,0.7724274594460224,0.7675364882418679,True,0.2684229726912653,True,[],[],[],0,[]
133,8,1064,0.5249539364097465,0.5249539364097465,0.5220010015699599,0.0,0.0,0.0,0.0,0.6495726495726496,4.494701465750217e-05,1.1435042098164558,1432.03271484375,9.951533555984497,1.305906766798438,1.305906766798438,0.0,0.0,0.0,0.36512914094035037,0.31687451899210806,0.36512914094035037,0.304402490878605,0.45928186639610336,0.36585365853658536,0.39260969851250643,"[0.5909090909090909, 0.5573770491803278, 0.07894736842105263, 0.30952380952380953, 0.14, 0.22448979591836735]","[0.48148148148148145, 0.3008849557522124, 0.5, 0.3611111111111111, 0.25, 0.2972972972972973]","[0.5306122448979592, 0.39080459770114945, 0.13636363636363635, 0.3333333333333333, 0.1794871794871795, 0.2558139534883721]","[108, 113, 6, 36, 28, 37]","{0: 0.7195121951219512, 1: 0.676829268292683, 2: 0.8841463414634146, 3: 0.8414634146341463, 4: 0.8048780487804879, 5: 0.8048780487804879}","{'total_batches': 8, 'valid_updates': 8, 'skipped_updates': 0, 'nonfinite_loss': 0, 'nonfinite_gradients': 0, 'skip_ratio': 0.0, 'is_valid_epoch': True, 'first_bad_parameter': None, 'max_gradient_norm': 2.991621732711792, 'min_gradient_norm': 0.720806360244751, 'gradient_nan_elements': 0, 'gradient_inf_elements': 0, 'stability_status': 'healthy', 'stability_skip_ratio': 0.0}",True,46.69830322265625,0.05908660590648651,live,0.36585365853658536,0.7809528303886916,0.7839057652284782,True,0.28371899103606424,True,[],[],[],0,[]
134,8,1072,0.5961614243495159,0.5961614243495159,0.5962922027987293,0.0,0.0,0.0,0.0,0.6538461538461539,3.988407631706481e-05,1.0952686071395874,1432.328125,9.953964948654175,1.3142564442099594,1.3142564442099594,0.0,0.0,0.0,0.3619588298791839,0.31758006528682703,0.3619588298791839,0.29997114947326764,0.46332136608952385,0.3628048780487805,0.3890659401985937,"[0.5806451612903226, 0.5818181818181818, 0.07317073170731707, 0.2972972972972973, 0.1568627450980392, 0.21568627450980393]","[0.5, 0.2831858407079646, 0.5, 0.3055555555555556, 0.2857142857142857, 0.2972972972972973]","[0.5373134328358209, 0.38095238095238093, 0.1276595744680851, 0.3013698630136986, 0.20253164556962025, 0.25]","[108, 113, 6, 36, 28, 37]","{0: 0.7164634146341463, 1: 0.6829268292682927, 2: 0.875, 3: 0.8445121951219512, 4: 0.8079268292682927, 5: 0.7987804878048781}","{'total_batches': 8, 'valid_updates': 8, 'skipped_updates': 0, 'nonfinite_loss': 0, 'nonfinite_gradients': 0, 'skip_ratio': 0.0, 'is_valid_epoch': True, 'first_bad_parameter': None, 'max_gradient_norm': 1.4869109392166138, 'min_gradient_norm': 0.8460580706596375, 'gradient_nan_elements': 0, 'gradient_inf_elements': 0, 'stability_status': 'healthy', 'stability_skip_ratio': 0.0}",True,46.69931411743164,0.046425458043813705,live,0.3628048780487805,0.7180950198604434,0.71796424141123,True,0.2910412757973734,True,[],[],[],0,[]
135,8,1080,0.5681556575318687,0.5681556575318687,0.5770421028137207,0.0,0.0,0.0,0.0,0.6282051282051282,3.5111757055874326e-05,1.189639836549759,1432.50146484375,9.452559471130371,1.300741253829584,1.300741253829584,0.0,0.0,0.0,0.3605109534313074,0.31388121958959797,0.3605109534313074,0.29994257945946873,0.45373642593492086,0.3628048780487805,0.3872949326755392,"[0.5806451612903226, 0.5517241379310345, 0.07894736842105263, 0.3055555555555556, 0.14, 0.22641509433962265]","[0.5, 0.2831858407079646, 0.5, 0.3055555555555556, 0.25, 0.32432432432432434]","[0.5373134328358209, 0.3742690058479532, 0.13636363636363635, 0.3055555555555556, 0.1794871794871795, 0.26666666666666666]","[108, 113, 6, 36, 28, 37]","{0: 0.7164634146341463, 1: 0.6737804878048781, 2: 0.8841463414634146, 3: 0.8475609756097561, 4: 0.8048780487804879, 5: 0.7987804878048781}","{'total_batches': 8, 'valid_updates': 8, 'skipped_updates': 0, 'nonfinite_loss': 0, 'nonfinite_gradients': 0, 'skip_ratio': 0.0, 'is_valid_epoch': True, 'first_bad_parameter': None, 'max_gradient_norm': 2.678971529006958, 'min_gradient_norm': 0.8269554972648621, 'gradient_nan_elements': 0, 'gradient_inf_elements': 0, 'stability_status': 'healthy', 'stability_skip_ratio': 0.0}",True,46.70062255859375,0.03854001685976982,live,0.3628048780487805,0.7325855962977152,0.7236991510158632,True,0.2654002501563477,True,[],[],[],0,[]
136,8,1088,0.5453158428526332,0.5453158428526332,0.5436188797665458,0.0,0.0,0.0,0.0,0.6196581196581197,3.0633071173062964e-05,1.1397161558270454,1432.453125,9.528791904449463,1.2989018050635732,1.2989018050635732,0.0,0.0,0.0,0.3805043982035132,0.32698021708429714,0.3805043982035132,0.31764387546621436,0.46052336155641693,0.3719512195121951,0.3961622244325818,"[0.5862068965517241, 0.5409836065573771, 0.08571428571428572, 0.38095238095238093, 0.13725490196078433, 0.23076923076923078]","[0.4722222222222222, 0.2920353982300885, 0.5, 0.4444444444444444, 0.25, 0.32432432432432434]","[0.5230769230769231, 0.3793103448275862, 0.14634146341463414, 0.41025641025641024, 0.17721518987341772, 0.2696629213483146]","[108, 113, 6, 36, 28, 37]","{0: 0.7164634146341463, 1: 0.6707317073170732, 2: 0.8932926829268293, 3: 0.8597560975609756, 4: 0.801829268292683, 5: 0.801829268292683}","{'total_batches': 8, 'valid_updates': 8, 'skipped_updates': 0, 'nonfinite_loss': 0, 'nonfinite_gradients': 0, 'skip_ratio': 0.0, 'is_valid_epoch': True, 'first_bad_parameter': None, 'max_gradient_norm': 2.573934316635132, 'min_gradient_norm': 0.6783841848373413, 'gradient_nan_elements': 0, 'gradient_inf_elements': 0, 'stability_status': 'healthy', 'stability_skip_ratio': 0.0}",True,46.70188522338867,0.0418282225728035,live,0.3719512195121951,0.75358596221094,0.7552829252970275,True,0.24770690014592456,True,[],[],[],0,[]
137,8,1096,0.5745381020073198,0.5745381020073198,0.5757029958260365,0.0,0.0,0.0,0.0,0.6196581196581197,2.6450847502627883e-05,1.2208018004894257,1431.984375,9.933210134506226,1.295980808211536,1.295980808211536,0.0,0.0,0.0,0.37587476857388363,0.3238189948980889,0.37587476857388363,0.3140897518112891,0.45230348723789704,0.3628048780487805,0.3882666684230012,"[0.5853658536585366, 0.515625, 0.08823529411764706, 0.4, 0.12727272727272726, 0.22641509433962265]","[0.4444444444444444, 0.2920353982300885, 0.5, 0.4444444444444444, 0.25, 0.32432432432432434]","[0.5052631578947369, 0.3728813559322034, 0.15, 0.42105263157894735, 0.1686746987951807, 0.26666666666666666]","[108, 113, 6, 36, 28, 37]","{0: 0.7134146341463414, 1: 0.6615853658536586, 2: 0.8963414634146342, 3: 0.8658536585365854, 4: 0.7896341463414634, 5: 0.7987804878048781}","{'total_batches': 8, 'valid_updates': 8, 'skipped_updates': 0, 'nonfinite_loss': 0, 'nonfinite_gradients': 0, 'skip_ratio': 0.0, 'is_valid_epoch': True, 'first_bad_parameter': None, 'max_gradient_norm': 2.4239585399627686, 'min_gradient_norm': 0.682503342628479, 'gradient_nan_elements': 0, 'gradient_inf_elements': 0, 'stability_status': 'healthy', 'stability_skip_ratio': 0.0}",True,46.703025817871094,0.029492823407053947,live,0.3628048780487805,0.7214427062042162,0.7202778123854996,True,0.2568532416093392,True,[],[],[],0,[]
138,8,1104,0.5398317687531822,0.5398317687531822,0.531848427067455,0.0,0.0,0.0,0.0,0.6495726495726496,2.2567727626678523e-05,1.1271692141890526,1432.03271484375,9.97384524345398,1.2873478284696254,1.2873478284696254,0.0,0.0,0.0,0.3852023114559988,0.32290630876035104,0.3852023114559988,0.31935066306301246,0.4483599484488869,0.36890243902439024,0.38931599874242395,"[0.5833333333333334, 0.5079365079365079, 0.0967741935483871, 0.3829787234042553, 0.14, 0.22641509433962265]","[0.4537037037037037, 0.2831858407079646, 0.5, 0.5, 0.25, 0.32432432432432434]","[0.5104166666666666, 0.36363636363636365, 0.16216216216216217, 0.43373493975903615, 0.1794871794871795, 0.26666666666666666]","[108, 113, 6, 36, 28, 37]","{0: 0.7134146341463414, 1: 0.6585365853658537, 2: 0.9054878048780488, 3: 0.8567073170731707, 4: 0.8048780487804879, 5: 0.7987804878048781}","{'total_batches': 8, 'valid_updates': 8, 'skipped_updates': 0, 'nonfinite_loss': 0, 'nonfinite_gradients': 0, 'skip_ratio': 0.0, 'is_valid_epoch': True, 'first_bad_parameter': None, 'max_gradient_norm': 2.396613836288452, 'min_gradient_norm': 0.7799839973449707, 'gradient_nan_elements': 0, 'gradient_inf_elements': 0, 'stability_status': 'healthy', 'stability_skip_ratio': 0.0}",True,46.70318603515625,0.028223134577274323,live,0.36890243902439024,0.7475160597164432,0.7554994014021703,True,0.28067021054825936,True,[],[],[],0,[]
139,8,1112,0.5883605133773934,0.5883605133773934,0.5889713820229229,0.0,0.0,0.0,0.0,0.5726495726495726,1.8986164206957037e-05,1.1792672201991081,1432.328125,9.925648927688599,1.2686817587875738,1.2686817587875738,0.0,0.0,0.0,0.3898319410856284,0.32842860890259024,0.3898319410856284,0.3261018073035828,0.45329875332092023,0.3780487804878049,0.3975474651994785,"[0.5909090909090909, 0.5079365079365079, 0.10344827586206896, 0.391304347826087, 0.1320754716981132, 0.24489795918367346]","[0.48148148148148145, 0.2831858407079646, 0.5, 0.5, 0.25, 0.32432432432432434]","[0.5306122448979592, 0.36363636363636365, 0.17142857142857143, 0.43902439024390244, 0.1728395061728395, 0.27906976744186046]","[108, 113, 6, 36, 28, 37]","{0: 0.7195121951219512, 1: 0.6585365853658537, 2: 0.9115853658536586, 3: 0.8597560975609756, 4: 0.7957317073170732, 5: 0.8109756097560976}","{'total_batches': 8, 'valid_updates': 8, 'skipped_updates': 0, 'nonfinite_loss': 0, 'nonfinite_gradients': 0, 'skip_ratio': 0.0, 'is_valid_epoch': True, 'first_bad_parameter': None, 'max_gradient_norm': 2.650716781616211, 'min_gradient_norm': 0.7496339678764343, 'gradient_nan_elements': 0, 'gradient_inf_elements': 0, 'stability_status': 'healthy', 'stability_skip_ratio': 0.0}",True,46.70372772216797,0.024790717288851738,live,0.3780487804878049,0.6803212454101805,0.679710376764651,True,0.19460079216176773,True,[],[],[],0,[]
140,8,1120,0.5537279288992922,0.5537279288992922,0.5561811465483445,0.0,0.0,0.0,0.0,0.6196581196581197,1.5708419435684463e-05,0.991376057267189,1432.50146484375,9.92197299003601,1.2794493524039663,1.2794493524039663,0.0,0.0,0.0,0.3805726818263691,0.3248179612577283,0.3805726818263691,0.317776439861895,0.455467138333242,0.3719512195121951,0.3947483915072181,"[0.5977011494252874, 0.5161290322580645, 0.09090909090909091, 0.37209302325581395, 0.1320754716981132, 0.24]","[0.48148148148148145, 0.2831858407079646, 0.5, 0.4444444444444444, 0.25, 0.32432432432432434]","[0.5333333333333333, 0.3657142857142857, 0.15384615384615385, 0.4050632911392405, 0.1728395061728395, 0.27586206896551724]","[108, 113, 6, 36, 28, 37]","{0: 0.7225609756097561, 1: 0.6615853658536586, 2: 0.899390243902439, 3: 0.8567073170731707, 4: 0.7957317073170732, 5: 0.8079268292682927}","{'total_batches': 8, 'valid_updates': 8, 'skipped_updates': 0, 'nonfinite_loss': 0, 'nonfinite_gradients': 0, 'skip_ratio': 0.0, 'is_valid_epoch': True, 'first_bad_parameter': None, 'max_gradient_norm': 1.5288029909133911, 'min_gradient_norm': 0.6871398687362671, 'gradient_nan_elements': 0, 'gradient_inf_elements': 0, 'stability_status': 'healthy', 'stability_skip_ratio': 0.0}",True,46.70446014404297,0.01853938400745392,live,0.3719512195121951,0.7257214235046741,0.7232682058556218,True,0.24770690014592456,True,[],[],[],0,[]
141,8,1128,0.5569221667754345,0.5569221667754345,0.5525486255303408,0.0,0.0,0.0,0.0,0.5897435897435898,1.2736563606711382e-05,1.1547142565250397,1432.453125,9.627021074295044,1.3061744439892653,1.3061744439892653,0.0,0.0,0.0,0.3728566324436531,0.31978104398547985,0.3728566324436531,0.30968104263346197,0.45266138857966837,0.3628048780487805,0.38750790367922827,"[0.5882352941176471, 0.5245901639344263, 0.08333333333333333, 0.35714285714285715, 0.1346153846153846, 0.23076923076923078]","[0.46296296296296297, 0.2831858407079646, 0.5, 0.4166666666666667, 0.25, 0.32432432432432434]","[0.5181347150259067, 0.367816091954023, 0.14285714285714285, 0.38461538461538464, 0.175, 0.2696629213483146]","[108, 113, 6, 36, 28, 37]","{0: 0.7164634146341463, 1: 0.6646341463414634, 2: 0.8902439024390244, 3: 0.8536585365853658, 4: 0.7987804878048781, 5: 0.801829268292683}","{'total_batches': 8, 'valid_updates': 8, 'skipped_updates': 0, 'nonfinite_loss': 0, 'nonfinite_gradients': 0, 'skip_ratio': 0.0, 'is_valid_epoch': True, 'first_bad_parameter': None, 'max_gradient_norm': 1.9270644187927246, 'min_gradient_norm': 0.7418254017829895, 'gradient_nan_elements': 0, 'gradient_inf_elements': 0, 'stability_status': 'healthy', 'stability_skip_ratio': 0.0}",True,46.704673767089844,0.019663071259856224,live,0.3628048780487805,0.7492522772138308,0.7536258184589245,True,0.22693871169480928,True,[],[],[],0,[]
142,8,1136,0.5165046560458648,0.5165046560458648,0.5092177149067577,0.0,0.0,0.0,0.0,0.6410256410256411,1.0072473807876569e-05,1.2093711867928505,1431.984375,9.368009090423584,1.3261397640879562,1.3261397640879562,0.0,0.0,0.0,0.3666837929374802,0.31686209259621556,0.3666837929374802,0.3029744109172799,0.455797065463611,0.3567073170731707,0.38372260992412627,"[0.5903614457831325, 0.5423728813559322, 0.07692307692307693, 0.3333333333333333, 0.14, 0.21818181818181817]","[0.4537037037037037, 0.2831858407079646, 0.5, 0.3888888888888889, 0.25, 0.32432432432432434]","[0.5130890052356021, 0.37209302325581395, 0.13333333333333333, 0.358974358974359, 0.1794871794871795, 0.2608695652173913]","[108, 113, 6, 36, 28, 37]","{0: 0.7164634146341463, 1: 0.6707317073170732, 2: 0.8810975609756098, 3: 0.8475609756097561, 4: 0.8048780487804879, 5: 0.7926829268292683}","{'total_batches': 8, 'valid_updates': 8, 'skipped_updates': 0, 'nonfinite_loss': 0, 'nonfinite_gradients': 0, 'skip_ratio': 0.0, 'is_valid_epoch': True, 'first_bad_parameter': None, 'max_gradient_norm': 1.9876335859298706, 'min_gradient_norm': 0.8359156250953674, 'gradient_nan_elements': 0, 'gradient_inf_elements': 0, 'stability_status': 'healthy', 'stability_skip_ratio': 0.0}",True,46.7049446105957,0.012684586457908154,live,0.3567073170731707,0.8096351080420914,0.8169220491811985,True,0.28431832395247036,True,[],[],[],0,[]
143,8,1144,0.5351981505369529,0.5351981505369529,0.5309233986414396,0.0,0.0,0.0,0.0,0.6410256410256411,7.717832735397334e-06,1.0918495133519173,1432.03271484375,9.844476461410522,1.3299733662023776,1.3299733662023776,0.0,0.0,0.0,0.372731507318528,0.32268792748446357,0.372731507318528,0.30790093006035063,0.46612878210723957,0.3628048780487805,0.39043818183539347,"[0.6097560975609756, 0.5517241379310345, 0.07692307692307693, 0.32558139534883723, 0.14, 0.23214285714285715]","[0.46296296296296297, 0.2831858407079646, 0.5, 0.3888888888888889, 0.25, 0.35135135135135137]","[0.5263157894736842, 0.3742690058479532, 0.13333333333333333, 0.35443037974683544, 0.1794871794871795, 0.27956989247311825]","[108, 113, 6, 36, 28, 37]","{0: 0.725609756097561, 1: 0.6737804878048781, 2: 0.8810975609756098, 3: 0.8445121951219512, 4: 0.8048780487804879, 5: 0.7957317073170732}","{'total_batches': 8, 'valid_updates': 8, 'skipped_updates': 0, 'nonfinite_loss': 0, 'nonfinite_gradients': 0, 'skip_ratio': 0.0, 'is_valid_epoch': True, 'first_bad_parameter': None, 'max_gradient_norm': 1.8864352703094482, 'min_gradient_norm': 0.7752954363822937, 'gradient_nan_elements': 0, 'gradient_inf_elements': 0, 'stability_status': 'healthy', 'stability_skip_ratio': 0.0}",True,46.7051887512207,0.008548349142074585,live,0.3628048780487805,0.7947752156654248,0.799049967560938,True,0.2782207629768606,True,[],[],[],0,[]
144,8,1152,0.5839387545218835,0.5839387545218835,0.5857681652419587,0.0,0.0,0.0,0.0,0.5854700854700855,5.674127631043025e-06,1.1755719408392906,1432.328125,9.559657096862793,1.3245933579235543,1.3245933579235543,0.0,0.0,0.0,0.37723601182303246,0.3250039526265021,0.37723601182303246,0.3118510546633675,0.46531462694688297,0.36585365853658536,0.39230729650521123,"[0.6097560975609756, 0.5423728813559322, 0.07894736842105263, 0.3333333333333333, 0.14, 0.24561403508771928]","[0.46296296296296297, 0.2831858407079646, 0.5, 0.3888888888888889, 0.25, 0.3783783783783784]","[0.5263157894736842, 0.37209302325581395, 0.13636363636363635, 0.358974358974359, 0.1794871794871795, 0.2978723404255319]","[108, 113, 6, 36, 28, 37]","{0: 0.725609756097561, 1: 0.6707317073170732, 2: 0.8841463414634146, 3: 0.8475609756097561, 4: 0.8048780487804879, 5: 0.7987804878048781}","{'total_batches': 8, 'valid_updates': 8, 'skipped_updates': 0, 'nonfinite_loss': 0, 'nonfinite_gradients': 0, 'skip_ratio': 0.0, 'is_valid_epoch': True, 'first_bad_parameter': None, 'max_gradient_norm': 1.7023327350616455, 'min_gradient_norm': 0.6986242532730103, 'gradient_nan_elements': 0, 'gradient_inf_elements': 0, 'stability_status': 'healthy', 'stability_skip_ratio': 0.0}",True,46.70537185668945,0.006765295751392841,live,0.36585365853658536,0.7406546034016708,0.7388251926815955,True,0.21961642693350014,True,[],[],[],0,[]
145,8,1160,0.565570443104475,0.565570443104475,0.5590371020838746,0.0,0.0,0.0,0.0,0.6196581196581197,3.942649342761117e-06,1.1035823002457619,1432.50146484375,9.932019710540771,1.3213232784736446,1.3213232784736446,0.0,0.0,0.0,0.37723601182303246,0.3248105963617956,0.37723601182303246,0.3120923739963779,0.4636688409777007,0.36585365853658536,0.39193648740438974,"[0.6024096385542169, 0.5423728813559322, 0.07894736842105263, 0.3333333333333333, 0.13725490196078433, 0.2545454545454545]","[0.46296296296296297, 0.2831858407079646, 0.5, 0.3888888888888889, 0.25, 0.3783783783783784]","[0.5235602094240838, 0.37209302325581395, 0.13636363636363635, 0.358974358974359, 0.17721518987341772, 0.30434782608695654]","[108, 113, 6, 36, 28, 37]","{0: 0.7225609756097561, 1: 0.6707317073170732, 2: 0.8841463414634146, 3: 0.8475609756097561, 4: 0.801829268292683, 5: 0.8048780487804879}","{'total_batches': 8, 'valid_updates': 8, 'skipped_updates': 0, 'nonfinite_loss': 0, 'nonfinite_gradients': 0, 'skip_ratio': 0.0, 'is_valid_epoch': True, 'first_bad_parameter': None, 'max_gradient_norm': 1.5380899906158447, 'min_gradient_norm': 0.7572994828224182, 'gradient_nan_elements': 0, 'gradient_inf_elements': 0, 'stability_status': 'healthy', 'stability_skip_ratio': 0.0}",True,46.70552062988281,0.004648589063435793,live,0.36585365853658536,0.7557528353691696,0.76228617638977,True,0.2538044611215343,True,[],[],[],0,[]
146,8,1168,0.559628415056783,0.559628415056783,0.5598390499750773,0.0,0.0,0.0,0.0,0.6495726495726496,2.5244915093499133e-06,1.179484337568283,1432.453125,9.902420282363892,1.3216204061740782,1.3216204061740782,0.0,0.0,0.0,0.3757610855693452,0.32305565634835526,0.3757610855693452,0.3101365217107067,0.46072527282296416,0.3628048780487805,0.38846765597010763,"[0.6024096385542169, 0.5344827586206896, 0.07894736842105263, 0.3333333333333333, 0.1346153846153846, 0.2545454545454545]","[0.46296296296296297, 0.2743362831858407, 0.5, 0.3888888888888889, 0.25, 0.3783783783783784]","[0.5235602094240838, 0.36257309941520466, 0.13636363636363635, 0.358974358974359, 0.175, 0.30434782608695654]","[108, 113, 6, 36, 28, 37]","{0: 0.7225609756097561, 1: 0.6676829268292683, 2: 0.8841463414634146, 3: 0.8475609756097561, 4: 0.7987804878048781, 5: 0.8048780487804879}","{'total_batches': 8, 'valid_updates': 8, 'skipped_updates': 0, 'nonfinite_loss': 0, 'nonfinite_gradients': 0, 'skip_ratio': 0.0, 'is_valid_epoch': True, 'first_bad_parameter': None, 'max_gradient_norm': 1.7071300745010376, 'min_gradient_norm': 0.8735460042953491, 'gradient_nan_elements': 0, 'gradient_inf_elements': 0, 'stability_status': 'healthy', 'stability_skip_ratio': 0.0}",True,46.70564651489258,0.0037119488697499037,live,0.3628048780487805,0.7619919911172952,0.7617813561990009,True,0.2867677715238691,True,[],[],[],0,[]
147,8,1176,0.5801928247142042,0.5801928247142042,0.5667081403936076,0.0,0.0,0.0,0.0,0.6153846153846154,1.420549869693033e-06,1.2445138916373253,1431.984375,9.797172546386719,1.3195372500070712,1.3195372500070712,0.0,0.0,0.0,0.3757610855693452,0.32273800014834614,0.3757610855693452,0.3099602938113176,0.46043784802872445,0.3628048780487805,0.3882875971209456,"[0.6024096385542169, 0.5344827586206896, 0.07894736842105263, 0.3333333333333333, 0.13725490196078433, 0.25]","[0.46296296296296297, 0.2743362831858407, 0.5, 0.3888888888888889, 0.25, 0.3783783783783784]","[0.5235602094240838, 0.36257309941520466, 0.13636363636363635, 0.358974358974359, 0.17721518987341772, 0.3010752688172043]","[108, 113, 6, 36, 28, 37]","{0: 0.7225609756097561, 1: 0.6676829268292683, 2: 0.8841463414634146, 3: 0.8475609756097561, 4: 0.801829268292683, 5: 0.801829268292683}","{'total_batches': 8, 'valid_updates': 8, 'skipped_updates': 0, 'nonfinite_loss': 0, 'nonfinite_gradients': 0, 'skip_ratio': 0.0, 'is_valid_epoch': True, 'first_bad_parameter': None, 'max_gradient_norm': 2.45004940032959, 'min_gradient_norm': 0.8926856517791748, 'gradient_nan_elements': 0, 'gradient_inf_elements': 0, 'stability_status': 'healthy', 'stability_skip_ratio': 0.0}",True,46.7056999206543,0.0022612723987549543,live,0.3628048780487805,0.739344425292867,0.7528291096134636,True,0.25257973733583494,True,[],[],[],0,[]
148,8,1184,0.5655340891108553,0.5655340891108553,0.5709599727748805,0.0,0.0,0.0,0.0,0.6495726495726496,6.315216969912663e-07,1.0059121176600456,1432.03271484375,10.495595932006836,1.3191419927085317,1.3191419927085317,0.0,0.0,0.0,0.3757610855693452,0.32273800014834614,0.3757610855693452,0.3099602938113176,0.46043784802872445,0.3628048780487805,0.3882875971209456,"[0.6024096385542169, 0.5344827586206896, 0.07894736842105263, 0.3333333333333333, 0.13725490196078433, 0.25]","[0.46296296296296297, 0.2743362831858407, 0.5, 0.3888888888888889, 0.25, 0.3783783783783784]","[0.5235602094240838, 0.36257309941520466, 0.13636363636363635, 0.358974358974359, 0.17721518987341772, 0.3010752688172043]","[108, 113, 6, 36, 28, 37]","{0: 0.7225609756097561, 1: 0.6676829268292683, 2: 0.8841463414634146, 3: 0.8475609756097561, 4: 0.801829268292683, 5: 0.801829268292683}","{'total_batches': 8, 'valid_updates': 8, 'skipped_updates': 0, 'nonfinite_loss': 0, 'nonfinite_gradients': 0, 'skip_ratio': 0.0, 'is_valid_epoch': True, 'first_bad_parameter': None, 'max_gradient_norm': 1.9402873516082764, 'min_gradient_norm': 0.7663649916648865, 'gradient_nan_elements': 0, 'gradient_inf_elements': 0, 'stability_status': 'healthy', 'stability_skip_ratio': 0.0}",True,46.705718994140625,0.001141003449447453,live,0.3628048780487805,0.7536079035976764,0.7481820199336512,True,0.2867677715238691,True,[],"['constant_metric', 'constant_metric', 'constant_metric']",[],0,[]
149,8,1192,0.5873388602183416,0.5873388602183416,0.5788779304577754,0.0,0.0,0.0,0.0,0.6111111111111112,1.5790535835003005e-07,1.2017850577831268,1432.328125,10.940512418746948,1.3190747819295743,1.3190747819295743,0.0,0.0,0.0,0.3757610855693452,0.32305565634835526,0.3757610855693452,0.3101365217107067,0.46072527282296416,0.3628048780487805,0.38846765597010763,"[0.6024096385542169, 0.5344827586206896, 0.07894736842105263, 0.3333333333333333, 0.1346153846153846, 0.2545454545454545]","[0.46296296296296297, 0.2743362831858407, 0.5, 0.3888888888888889, 0.25, 0.3783783783783784]","[0.5235602094240838, 0.36257309941520466, 0.13636363636363635, 0.358974358974359, 0.175, 0.30434782608695654]","[108, 113, 6, 36, 28, 37]","{0: 0.7225609756097561, 1: 0.6676829268292683, 2: 0.8841463414634146, 3: 0.8475609756097561, 4: 0.7987804878048781, 5: 0.8048780487804879}","{'total_batches': 8, 'valid_updates': 8, 'skipped_updates': 0, 'nonfinite_loss': 0, 'nonfinite_gradients': 0, 'skip_ratio': 0.0, 'is_valid_epoch': True, 'first_bad_parameter': None, 'max_gradient_norm': 2.3065614700317383, 'min_gradient_norm': 0.7991191744804382, 'gradient_nan_elements': 0, 'gradient_inf_elements': 0, 'stability_status': 'healthy', 'stability_skip_ratio': 0.0}",True,46.70573043823242,0.0004110686422791332,live,0.3628048780487805,0.7317359217112327,0.7401968514717989,True,0.24830623306233068,True,[],"['constant_metric', 'constant_metric', 'constant_metric']",[],0,[]
150,8,1200,0.5368345198977706,0.5368345198977706,0.5201226954276745,0.0,0.0,0.0,0.0,0.6581196581196581,0.0,1.2550019696354866,1432.50146484375,9.706578969955444,1.318916099827464,1.318916099827464,0.0,0.0,0.0,0.3757610855693452,0.32273800014834614,0.3757610855693452,0.3099602938113176,0.46043784802872445,0.3628048780487805,0.3882875971209456,"[0.6024096385542169, 0.5344827586206896, 0.07894736842105263, 0.3333333333333333, 0.13725490196078433, 0.25]","[0.46296296296296297, 0.2743362831858407, 0.5, 0.3888888888888889, 0.25, 0.3783783783783784]","[0.5235602094240838, 0.36257309941520466, 0.13636363636363635, 0.358974358974359, 0.17721518987341772, 0.3010752688172043]","[108, 113, 6, 36, 28, 37]","{0: 0.7225609756097561, 1: 0.6676829268292683, 2: 0.8841463414634146, 3: 0.8475609756097561, 4: 0.801829268292683, 5: 0.801829268292683}","{'total_batches': 8, 'valid_updates': 8, 'skipped_updates': 0, 'nonfinite_loss': 0, 'nonfinite_gradients': 0, 'skip_ratio': 0.0, 'is_valid_epoch': True, 'first_bad_parameter': None, 'max_gradient_norm': 1.7657331228256226, 'min_gradient_norm': 0.8368036150932312, 'gradient_nan_elements': 0, 'gradient_inf_elements': 0, 'stability_status': 'healthy', 'stability_skip_ratio': 0.0}",True,46.70573043823242,7.025731611065567e-05,live,0.3628048780487805,0.7820815799296934,0.7987934043997895,True,0.29531478007087764,True,[],"['constant_metric', 'constant_metric', 'constant_metric']",[],0,[]
